日期,活動名,命中來源數,待確認,錄音(H),相簿(J),影片(K),文件(C),辦事(D07)
1968-10-04,19681004廣緣佛堂,1,,,,,https://drive.google.com/file/d/1_5Ru_KqcabgZ6y0upSqBn7aBybSkddYK/view,
1971-07-23,1971-07-23宣德壇三天班正訓.tif,1,,,,,https://drive.google.com/file/d/10niliisPFjs4z1lN7n2YYj_eGMRtD3Wp/view,
1972-05-29,19720529陳氏佛堂,1,,,,,https://drive.google.com/file/d/13Xde2fEv53HTGT5ezJKNJ7tW5r0EZX01/view,
1973-11-11,1973-11-11義德壇三天班正訓.tif,1,,,,,https://drive.google.com/file/d/1Ayb1FNTYlPcPMyqk63pkWwtdYFRAnmdq/view | https://drive.google.com/file/d/1-wstIBp4CbBLHIGMtehvXCMaRHONALif/view,
1974-09-30,19740930新德(紅字),1,,,,,https://drive.google.com/file/d/1MlQrqCQQUDQf4OA0ck9-kFIfNG34P4EA/view,
1975-08-15,1975-08-15孝德壇三天班正訓.tif,1,,,,,https://drive.google.com/file/d/1sP-t_7MTGnlXFfCJvJquxWKKsW4aoFn-/view,
1979-01-01,1979-01-01和善堂：韓湘子大仙聖訓,1,,,,,https://drive.google.com/file/d/1K6fNIw1BUFAOdc_6wij_NAH9B2KuSGlm/view,
1979-10-19,19791019板橋李氏佛堂,1,,,,,https://drive.google.com/file/d/1OxxRArgXSUvqVA1ugGgXPsP2WH32SLuj/view,
1980-07-18,1980-07-18天然古佛降壇,1,,,,,https://drive.google.com/file/d/1pHJwPS9parW5CvenJ6BNeJbJodbQAU6l/view | https://drive.google.com/file/d/1Wqa3DMfEhfVY6ehk-JbYDSX0VHB16ctf/view,
1983-10-11,19831011中壢洪氏(開壇日期是陰曆陽曆),1,,,,,https://drive.google.com/file/d/1AC89c5jWavwKiwYWPyUJCVFHa1hBamEN/view,
1983-11-20,1983-11-20武聖宮落成,1,,,,https://drive.google.com/file/d/1iKL1aQ6jScHJcIF_XuvAe0bm6UOxzCwW/view,,
1983-12-02,19831202松山李氏佛堂,1,,,,,https://drive.google.com/file/d/1yx6FeySBTfO-e1pPHSvYUlFloFTqYBTb/view,
1984-03-29,19840329莊敬佛堂,1,,,,,https://drive.google.com/file/d/1-gypCkcW9QGmcAZ9Oost8x8qK9N3MU0i/view,
1984-04-13,19840413李鄭氏(家庭公共佛堂),1,,,,,https://drive.google.com/file/d/1Zzm-sFJWGwGccTsFQkmURDoTwno9l17V/view,
1985-05-10,1985-05-10蔡點傳師：赴美：於文慈菩薩陵寢前辭行：相簿#040,1,,,https://drive.google.com/file/d/17Epb0lTgrSJqmDMxW7ktsYVVsB5-uQbo/view,,,
1985-07-28,19850728廣濟,1,,,,,https://drive.google.com/file/d/1hqX8qy64hxmhDj2CRiLOZVROAjIljf63/view,
1985-10-25,19851025廣慈,1,,,,,https://drive.google.com/file/d/15SpAgUdeJ5jdazyygxaZ_-YqITnIQh4q/view,
1985-12-29,1985-12-29義德壇一天班正訓,1,,,,,https://drive.google.com/file/d/1bHBOP2ixGY5Ik3YI_v2cE5KD_a05X27H/view,
1986-03-03,1986-03-03三峽靈隱寺三天複習班,1,,,,,https://drive.google.com/file/d/1optqh11M0c-se3cVUYQjsjV-9gB8Wi0d/view,
1986-04-05,19860405廣緣,1,,,,,https://drive.google.com/file/d/1bGocGDI-jKYmLwldZiDO2eCUGKUrr0Ve/view,
1986-04-23,1986-04-23秋季老母大典訓文選讀,1,,,,,https://drive.google.com/file/d/1obkQ9TYyUaJrW1lqOYFVib4L0ECG4DLT/view | https://drive.google.com/file/d/1jNQD_pnOluo2bs4J-24wHezocqrumJ92/view,
1987-08-08,1987-08-08慈慧壇：濟公,1,,,,,https://drive.google.com/file/d/1ZYEb1LRgJJsBTddvnu8Ky3jtDMhoAU0i/view,
1989-02-06,1989-02-06臺中武聖宮三天法會,1,,,,,https://drive.google.com/file/d/1uDVZvCLtbgpxQp-zlcy5jOsZayb5Pjyt/view,
1990-01-29,1990-01-29楊梅天德壇三天法會,1,,,,,https://drive.google.com/file/d/1jv9UinAsmOjQZ13PqeLApIEEPa_0MkXr/view,
1990-03-12,1990-03-12天元道院濟公活佛略傳：老蔡點傳師,1,,,,,https://drive.google.com/file/d/1yhLvAG9Icw31fUEPFGgApx58g38sdqDN/view,
1990-10-10,19901010陳氏,1,,,,,https://drive.google.com/file/d/1f3KeIEiURfqHCIcMh5jpinDYSp5xKWb6/view,
1990-12-19,19901219慈暉佛堂,1,,,,,https://drive.google.com/file/d/1Wa_Bs-sfwwifMIwrZ9Ruk4_-MSIh95nj/view,
1991-07-21,19910721明真,1,,,,,https://drive.google.com/file/d/1aF1b9Jko4crwYtsaQ9Zglw5bh76zYbK-/view,
1991-10-21,1991-10-21天元道院破土典禮：相簿#137,1,,,https://drive.google.com/file/d/1bCUk4ZkSuB_qik2qbJVV19ZLvpto2XP5/view,,,
1991-10-25,19911025善進佛堂,1,,,,,https://drive.google.com/file/d/1m0HemKzIF1tIBAZnHdZ872hh9mZmv8Rb/view,
1992-03-01,19920301道恩佛堂,1,,,,,https://drive.google.com/file/d/1aGmKkzCfwO7qLxv2MmxAar-8omak1aE4/view,
1992-08-30,19920830中壢林氏,1,,,,,https://drive.google.com/file/d/1RkCddAHrtIkpxV0xK9Ed0PCCabDFjiKP/view,
1993-01-30,1993-01-30祭拜文慈、靈化菩薩：相簿#029,1,,,https://drive.google.com/file/d/1KT_D7JWr-tGw__D_7lPYDEWl3EK7YCwb/view,,,
1993-01-31,1993-01-31三芝屏山天元宮：祭拜張前人：相簿#031,1,,,https://drive.google.com/file/d/1jsDdabye45DyVzWonq3iMaXEhpjl865P/view | https://drive.google.com/file/d/1rr_QHkknAa0MbPhSYV6-_twXsbwWsqqM/view,,,
1993-06-06,19930606修善(紅字),1,,,,,https://drive.google.com/file/d/1V_N4JE8p8QGBc6t8k_oGEeIJKRA8IvW5/view,
1993-08-01,19930801真誠佛堂,1,,,,,https://drive.google.com/file/d/1wZg4sYGoASp_rZu-1ggfFKnVMX-4dTYf/view,
1993-08-08,19930808培謙佛堂,1,,,,,https://drive.google.com/file/d/1hhRVkbhjmLClfVG4jxlovbcFFp0TdYEg/view,
1993-09-19,19930919清貞佛堂,1,,,,,https://drive.google.com/file/d/1aL5viL09bD3UoM5kH9doy4nv2Su3dWQB/view,
1993-10-19,1993-10-19雲門寺：相簿#072,1,,,https://drive.google.com/file/d/1sLGIOi45KdonNY-hsHc8CA03r4cRCOqE/view,,,
1993-12-25,19931225中壢胡氏,1,,,,,https://drive.google.com/file/d/1nbBIRjvPBmMog3JKAcaA-8_3U3YpSpfh/view,
1994-01-01,19940101楊許氏,1,,,,,https://drive.google.com/file/d/1kE6JqhfUYbqV3ok91D_NJdjwxhqJ_6aF/view,
1994-03-06,19940306慈慧佛堂,1,,,,,https://drive.google.com/file/d/1b0L4QSiFioxqEq8iWk6ocsI8TMy-BvYy/view,
1994-04-29,1994-04-29忠勇將軍林傑米結緣訓,1,,,,,https://drive.google.com/file/d/1kDSe-QOqAqJW8W_q_cdN-xopuCjgNZwb/view,
1994-05-08,19940508宏道,1,,,,,https://drive.google.com/file/d/1qBoJNiwyu-GslgbGpowHeBargrG7r90N/view,
1994-07-26,1994-07-26 靈隱寺-點傳師會議,1,,,,,https://drive.google.com/file/d/1jNv3Em9qM0lCrxpmyAKUudIhR53W9fN0/view,
1994-10-03,1994-10-03天元佛院-師母百歲誕辰(Q0),1,,,,,https://drive.google.com/file/d/1sVFBdC4S2nEpBLpxaERD39f9q5d_wO90/view | https://drive.google.com/file/d/1xr9Ne3EEL0oMoDZ4vpW2ddyncI5uSu1_/view,
1994-11-06,19941106普濟(紅字),1,,,,,https://drive.google.com/file/d/1BnYzNyfxJyb8ivxZZ-iXCRg7j-yQ850S/view,
1994-11-22,19941122中壢慈恩,1,,,,,https://drive.google.com/file/d/1a2aAtZS524ig4e2pPc1fky_PZue-ZiOt/view,
1994-12-04,19941204德恩,1,,,,,https://drive.google.com/file/d/1eJbOUKONaOSGqaDJLg59dgrrkf0SHGe_/view,
1995-02-25,1995-02-25白水聖帝：歸空：相片集：相簿#033,1,,,https://drive.google.com/file/d/1MElejKkiQY2TOl5fyGAFGu7dfUcES9Kp/view | https://drive.google.com/file/d/13K8iI5aJ7K3kVYKmuOXRRRaN5jdVo_VE/view,,,
1995-04-09,19950409明心,1,,,,,https://drive.google.com/file/d/1fvcdBLWo92vhP87aH0U9Oxa7ifvFybvV/view,
1995-05-12,1995-05-12(五) 美國奧蘭多-慈隱壇 三天法會仙佛聖訓,1,,,,,https://drive.google.com/file/d/1VohPiZ91fcotaUyACtDRHvjkGXif6Xrg/view | https://drive.google.com/file/d/11QWcNlcVOmAO3kaMR-oNpsPWEWZGGIdc/view,
1995-05-14,1995-05-14(日) 美國奧蘭多-慈隱壇 三天法會仙佛慈訓,1,,,,,https://drive.google.com/file/d/1WFC-1e59K28XAz7JjgYNRv8BcCVD4_z2/view | https://drive.google.com/file/d/1WHg0YB5REAYt2gs4WFX_WvaaSByZaBht/view,
1995-06-16,19950616中壢和信(開壇日期是否陰陽曆寫相反),1,,,,,https://drive.google.com/file/d/1lmfzC6czkJ6VdksJj2qWkz-5xlg0l6k3/view,
1995-06-25,19950625尚行,1,,,,,https://drive.google.com/file/d/1t1kDW_exN59MQvmNV6z_owGBeutcoT-m/view,
1996-02-21,1996-02-21之前：美國：天元道院：上課：相簿#178,1,,,https://drive.google.com/file/d/1mwDIpzy94bDEtruW7gVcKxK_lMiDGmcL/view,,,
1996-06-07,1996-06-07美國紐約忠誠壇落成：相簿#140,1,,,https://drive.google.com/file/d/1yRuOoRwi_qK-Zud6ohYnlEKSSw2pjda4/view,,,
1996-06-16,1996-06-16(日) 美國奧蘭多-慈隱壇 辦事人員一天班,1,,,,,https://drive.google.com/file/d/1cjqj7ADG4HJ047MaaASt5jQGxcthYm_y/view | https://drive.google.com/file/d/1rnqqY9uet_NDTWwSHo6RTmsrplpDUVcA/view,
1996-06-21,1996-06-21舊金山天元道院三天法會,1,,,,,https://drive.google.com/file/d/1Ri_2KeDZHAcYFFNyDpms97vRGtfuMojd/view,
1996-09-22,19960922龍潭啟誠,1,,,,,https://drive.google.com/file/d/14lIq0lOxRbZioDXlcWkzrOTMStHuVCPK/view,
1996-10-05,19961005懷善佛堂,1,,,,,https://drive.google.com/file/d/19eS3LzbWUlRGdxw1zXl1HgpmwdxSqMAo/view,
1997-04-21,1997-04-21-04-23溫哥華聖澤壇三天法會,2,,https://drive.google.com/file/d/1hXnwW_1pRygdUzE8kGl6o5vfDASgasUt/view,,,https://drive.google.com/file/d/1YXQZsapvcfWtQWeRj5cA26UN43yz6qsZ/view,
1997-08-06,1997-08-06(四) 美國奧蘭多-慈隱壇 辦事人員一天法會仙佛聖訓,1,,,,,https://drive.google.com/file/d/1ORw-o7bl5OIXc60HDZV-aLIhBDLKT7f3/view | https://drive.google.com/file/d/1JME67U61C72Byw-PGLAdeAK_NNt-fG5h/view | https://drive.google.com/file/d/1YTx28ug6twmg0BjmV3vhd_tcg4ywwMbw/view,
1997-08-08,1997-08-08(五) 美國奧蘭多-慈隱壇 三天法會仙佛慈訓,1,,,,,https://drive.google.com/file/d/1_kxzcebDgCp5zzJ-IFPfGJ7zjtyqWvre/view | https://drive.google.com/file/d/1ySCbfpiaSyKf9AV96WCIdtqvWPvl0-nC/view,
1997-08-19,1997-08-19夏威夷天庭壇兩天法會,1,,,,,https://drive.google.com/file/d/1Y8EkpJsJVVKCyf3gB8c222xEbr0Nkh13/view,
1997-09-07,19970907弘志佛堂,1,,,,,https://drive.google.com/file/d/16LHrYVQElk8Hgf6l5HYwkL6NnTPe06HG/view,
1997-11-30,19971130韓氏,1,,,,,https://drive.google.com/file/d/1E-xlhfxzvEJQBu4-xH1z3iunUKR1QXbG/view,
1998-03-01,19980301德敏,1,,,,,https://drive.google.com/file/d/1_QqxoQmtyWi5DP1vTYhKP5wbnCff7P1f/view,
1998-03-08,19980308興道,1,,,,,https://drive.google.com/file/d/17fCcJ38o8qy-iEp-GkW2883fZ7uJOHh5/view,
1998-04-11,19980411博雅,1,,,,,https://drive.google.com/file/d/1A3m_kmSMddmTYsPvrhpOYNuMB314hR2u/view | https://drive.google.com/file/d/1YSpgh0p2IIaSSjh55Vzpz-CRaV_xu8il/view,
1998-04-12,19980412鳳德,1,,,,,https://drive.google.com/file/d/1Fs9TLEJk8ADVDiimn_77Cfmldhi9ulVh/view,
1998-05-15,1998-05-15(五) 美國奧蘭多-慈隱壇 三天法會仙佛聖訓,1,,,,,https://drive.google.com/file/d/1_JAuqtdnKQ9EsTJ93bXbNvAAhZSvSt5F/view | https://drive.google.com/file/d/1oILGClI7H6xxNVvkUsXHoJrylnjb3cyn/view | https://drive.google.com/file/d/19DG09-Gp5G2qNUVBJW_sLS_LmMeU__D_/view,
1998-08-08,19980808恆誠佛堂,1,,,,,https://drive.google.com/file/d/10PyoXYlnc4s370YGA--Xteyvi5dqzXaB/view,
1998-10-23,1998-10-23(五) 美國奧蘭多-慈隱壇 三天法會仙佛聖訓,1,,,,,https://drive.google.com/file/d/17_cztgdyB6zJEprNnCSw78nMR4fspyO3/view,
1999-02-15,1999-02-15雅加達公義壇三天法會,1,,,,,https://drive.google.com/file/d/1K-kVh3ZLXkaEQwkzN0ZZgykoHMYxHPHp/view,
1999-02-29,1999-02-29雅加達公義壇三天法會,1,,,,,https://drive.google.com/file/d/1ot_Jl-ZSXoW6K1cTYW09U0sujkfW49zL/view,
1999-03-14,19990314中壢廖氏(黃字原有底線),1,,,,,https://drive.google.com/file/d/1ngBJ5Cm7Ky-Q1HM1tOxoXVZLJo8VeO3d/view,
1999-04-28,1999-04-28緬甸承恩佛堂開壇訓,1,,,,,https://drive.google.com/file/d/1cuDnigwYAZcy4rAtK7pMuLu4WcJwS3b7/view,
1999-07-09,1999-07-09~11印尼坤甸義正壇仙佛慈訓,1,,,,,https://drive.google.com/file/d/1XixxOag_QK7GxQlUQ-iegpPF4tr_RE1B/view,
1999-08-03,1999-08-03(二) 美國奧蘭多-慈隱壇 三天法會仙佛聖訓,1,,,,,https://drive.google.com/file/d/1HeDVf_Ujpr_IYBF9zleanegMuDl9WBvt/view,
1999-09-26,19990926仁憫佛堂,1,,,,,https://drive.google.com/file/d/1RK-KEA6c4BjNc-98O0qBKVJp4rfRJ1tH/view,
1999-10-10,1999-10-10峨眉書院二十五週年紀念,1,,,,,https://drive.google.com/file/d/1nAr9caHPrRyEgWAEucCc9Lf8UJtni6M9/view | https://drive.google.com/file/d/1n_zeaH6-O8TURT4ztcVMHaWpTZbtlUAz/view | https://drive.google.com/file/d/1bw3zE1nnIfdd5CI7yQgf_7BUonPnO9av/view | https://drive.google.com/file/d/1MwvEa87vJQQgA2HduoeuE921sqPZMGlW/view | https://drive.google.com/file/d/170VfTXSgi3zwQkmk09a5BPQoLPHwU2L4/view,
2000-01-24,2000-01-24(一) 美國奧蘭多-慈隱壇 一天法會仙佛聖訓,1,,,,,https://drive.google.com/file/d/1pDs09YND0c2lm0rP5XzHQZmosCbzKqGC/view | https://drive.google.com/file/d/1yvIe-xOzFZ4JgrvpYlGFrOsBZY-bHJlw/view | https://drive.google.com/file/d/1c_Pubh5THtJWVBvB4uYPGZ-zKotJ4Oku/view,
2000-09-23,2000-09-23 崇恩佛堂二天率性班法訓中訓講述,1,,,,,https://drive.google.com/file/d/1--OKqaaIBlXZ3HznOhzzfgWuYaFOR3Ab/view,
2000-10-15,2000-10-15 發一崇德五十周年紀念專刊(Q0),1,,,,,https://drive.google.com/file/d/1a81xL7LjHRiyG3XC9Uw9wpLPbkHjlzka/view,
2000-12-26,2000-12-26(6)~12-28(1) 印尼坤甸 義正壇三天法會(low),1,,,,,https://drive.google.com/file/d/1taCJnZQpQGbbZUnX5lNIAuvgu0nGvwGH/view | https://drive.google.com/file/d/1tgtTZoezQqPphmKYXilTSIpiuv9nbKNZ/view | https://drive.google.com/file/d/1jGyk5xhKw0Qqza0z3K-twB1WZ9nU2Y0M/view,
2001-07-16,2001-07-16 靈隱寺-南區道務策劃會會議記錄,1,,,,,https://drive.google.com/file/d/1aQCDALZ5qk1UitT-zWfoZFjlKksu1E1j/view,
2001-10-13,2001-10-13靈隱寺入祠禮儀培訓,1,,,https://drive.google.com/file/d/1GDY2_tRnTgFaMcV_P80W8sKxZKcWE6tC/view,,,
2002-05-27,2002-05-27美國：相簿#094,1,,,https://drive.google.com/file/d/1YzGLy7tGk4Uy9e-SgP5OkapyaToa0oOM/view,,,
2002-10-24,2002-10-24雅加達公義壇三天法會,1,,,,,https://drive.google.com/file/d/1eWwFasl4SJGQObyXNSboOy4HSRkrOjck/view,
2003-03-27,2003-03-27(4)天元道院的美國道親喬治,1,,,https://drive.google.com/file/d/10X0xu1bvURzc22RVzpFAkMNQQIpL4oTB/view,,,
2003-10-12,20031012恩化佛堂,1,,,,,https://drive.google.com/file/d/1_aHOHRSExogerGhKaimQ5VMv4VFE7eX4/view,
2004-02-19,2004-02-19曾瑞信點傳師結緣訓,1,,,,,https://drive.google.com/file/d/1QbMgLBLs5nRu2tNhGuRgsn3b7PPm9lJY/view,
2004-04-17,20040417誠孝,1,,,,,https://drive.google.com/file/d/1wubkCM_lX6pzibYRa8af4tzohkt_mwlG/view,
2004-04-18,2004-04-18(0)峨眉書院信徒大會(檔案日期),1,,,https://drive.google.com/file/d/1VYOWRgQnul0dsmf5xljAwP4TPIoqh6Mz/view,,,
2004-06-05,2004-06-05~06舊金山天元道院道德重整班,1,,,,,https://drive.google.com/file/d/1ogINk3aJGIIqWldANaIephnuCQEhVXZG/view | https://drive.google.com/file/d/1BBgEVwEyoTwUk5loffmIqPqRvMbaMxKn/view,
2004-06-26,2004-06-26(6)~27(0)加拿大：蒙特婁：道恩壇：道德重整班,1,,,,,,https://drive.google.com/file/d/1oVtjz7bAKYlYs6mc9oC59CRO7iBoHpJx/view
2004-07-17,20040717感德,1,,,,,https://drive.google.com/file/d/1RgSzQqMpmbm05Uh06TgzG8F90SfmD7Xw/view,
2004-07-29,2004-07-29(四) 美國奧蘭多-慈隱壇 一天法會辦事人員精進班(國)仙佛慈訓,1,,,,,https://drive.google.com/file/d/1CLdHWOhwVn7Ti7jgUDah58yTAOF7QwGa/view | https://drive.google.com/file/d/1QGL2Logk0pJetr_RJSSDWZvm1TSWquIN/view | https://drive.google.com/file/d/16Nxgu4qxpLbqg1rCKi_P5EO24C3VVpVM/view,
2004-07-31,2004-07-31(六) 美國奧蘭多-慈隱壇 三天法會(國)仙佛慈訓,1,,,,,https://drive.google.com/file/d/1BUdPQGQeAOBp7Za0KvgHVl5o6lZYf786/view | https://drive.google.com/file/d/1Eefb1bYMBRgQtIskYkmqYpu6N_EuxgSh/view | https://drive.google.com/file/d/1Di0dsMFnRl1Z6ZbbrEZ3GmpXMo9eOwqO/view,
2004-08-20,2004-08-20(5)天元道院野餐(檔案日期),1,,,https://drive.google.com/file/d/1a3EcUNa34VXLWb5LaxUNUVbKOxNv6Noz/view,,,
2004-08-23,2004-08-23亞齊海邊,1,,,,https://drive.google.com/file/d/1hPIlMAgMSKuYYVLqx_BDD7MpRI90m3NX/view,,
2004-09-07,2004-09-07~2005-03-03,1,,,https://drive.google.com/file/d/1Kx7JYYVqa5Gvl7JMaedwZ8m0IFjTUD1f/view,,,
2004-09-18,"2004-09-18~10-15 蘇樹宗講師主講易經及論語(溫哥華,音量需要放大)",1,,https://drive.google.com/file/d/11eoxuwn30-yLNN87MbyMuegx9Zs4GTxP/view,,,,
2004-11-28,2004-11-28~2006-02-07,1,,,https://drive.google.com/file/d/1cLW6yT6GEjrq8sfhRQKBTqDoFq82C5a8/view,,,
2004-12-26,2004-12-26(0)南亞海嘯,1,,,https://drive.google.com/file/d/1VJqm41JM5RxERlFnxk6JXboqgzQSU7e9/view,,,
2004-12-27,2004-12-27(1)~2005-01-09(0)蔡經理加拿大之行,1,,,https://drive.google.com/file/d/1RDN7vOy066DGyx-nQhR8nluVLTyCYbeE/view,,,
2005-02-08,2005-02-08印尼：相簿#025 FOTO ACARA PERAYAAN IMLEK 8 FEBUARI 2005,1,,,https://drive.google.com/file/d/1wfuS1mb7vDJiB-O7h3jqjiFdGB_lNen5/view,,,
2005-02-20,2005-02-20(0)峨眉書院信徒大會(檔案日期),1,,,https://drive.google.com/file/d/1YXx7POO_pvWcKf8zAUUxhRGhKZVzZuae/view | https://drive.google.com/file/d/1IdBn24M4pZD1DTa3OyHPq0S0aNryy8T3/view,,,
2005-03-28,2005-03-28 白水聖帝成道十週年紀念,1,,,https://drive.google.com/file/d/1V4Zl2kJBvroo0_gNjWxrrlGDriY9MKCo/view,,,
2005-06-14,2005-06-14 慈恩大仙成道十五週年追思一天班,1,,,https://drive.google.com/file/d/11Tp4Fzef3ki7oxMPV-NzyIB_G1uOwNd2/view,,,
2005-08-28,2005-08-28(0)峨眉書院青年戶外聯誼活動,1,,,https://drive.google.com/file/d/1dYiOKAuEgcapW_jS7hVNNowE5Rnsj_Rx/view,,,
2005-09-16,2005-09-16~21馬來西亞古晉：大學經典講座：蘇講師,1,,https://drive.google.com/file/d/1HV4sbhBlvAZJvNtQ61wooW-iSo9YreR_/view,,,,
2005-10-22,2005-10-22菩薩十大愿行：老蔡經理,1,,,,,https://drive.google.com/file/d/16aQa9ZMXB7JXNc2W3DsxEMHgADsQHUTu/view,
2005-11-10,2005-11-10(4)白水聖帝成道十週年感恩懷思大會於印尼(檔案日期),1,,,https://drive.google.com/file/d/1AP-Q80mgtMF51drHO8AwbN7fHRHcW1qp/view,,,
2005-11-11,2005-11-11印尼巴淡島三天法會,2,是,https://drive.google.com/file/d/1uO6kSDf0r7LMU8OgNijnijAlQadyGp5e/view,,,https://drive.google.com/file/d/1XravpM_w_jXEjd5jcnMQc-6CNoJANdkY/view | https://drive.google.com/file/d/1aBnCm53WVyFO3kaRjbhRYWROYwdmtJMZ/view,
2005-11-11,20051111 Batam 3dc xunwen-combine,1,是,,,,https://drive.google.com/file/d/1eiGgsNEJeZi8OY_RXia6jiJ6qk856SKX/view,
2005-11-12,2005-11-12(6)夏威夷法會,2,,,https://drive.google.com/file/d/1mNYyCcEMzmfg_sxY0ThPZtmRzwNmFRiU/view,,https://drive.google.com/file/d/1tRrPAPthL9v22SSXbXMSopNSIQOyl8Yq/view,
2005-11-14,2005-11-14(1)夏威夷法會結束,1,,,https://drive.google.com/file/d/1iPmc4JqmH160gvbC43YfITS0UYDOA2ol/view,,,
2005-11-21,2005-11-21~2006-02-23明聖經：蘇講師,1,,https://drive.google.com/file/d/1kd7QeHtr-vN2XLm8pqTn0sO_boN3nJYx/view,,,,
2006-01-02,2006-01-02(1)廣德壇三天法會最後一天,1,,,https://drive.google.com/file/d/1xFRn-kAceKA7QaaUnvnA7AxAcekWCyIK/view,,,
2006-01-06,2006-01-06(5)菜根香晚餐,1,,,https://drive.google.com/file/d/1gMZAVCKr-tMDu6k6sufe7WvFjmoTfom1/view,,,
2006-01-29,2006-01-29(0)峨眉書院新春團拜於春節當天,1,,,https://drive.google.com/file/d/1hnMmaTpdnlO2w2gZCSPp0x2nnLhTAKVr/view,,,
2006-02-10,2006-02-10靈隱寺,1,,https://drive.google.com/file/d/1azYI0WgQyATZuDI4PSVFFG1Kh1H8qKOW/view,,,,
2006-02-12,2006-02-12~2006-11-24,1,,,https://drive.google.com/file/d/1cr1VRhK4fMC3UOU7fAglsDZ2PBxJnM0u/view,,,
2006-02-21,2006-02-21~2006-03-13郭少慧顯化,1,,,https://drive.google.com/file/d/1ksx9D9-V3szGIO2JRlHtFLwETRcKGwdz/view,,,
2006-02-26,2006-02-26一貫真傳：董經理,1,,https://drive.google.com/file/d/1K9mlKtR6VERiyzoGy3AaMvjiE_khAd3w/view,,,,
2006-03-13,2006-03-13(1)~17(5)楊點傳師香港之行,1,,,https://drive.google.com/file/d/1EC9UmpLPLDT1TKPJnsdvb7cU4Kvub092/view,,,
2006-03-19,2006-03-19(0)文書組支援靈隱寺法會(道史館),1,,,https://drive.google.com/file/d/1Sa-WQx1EfYNXWJomHoDKAvA7hD8b7nGt/view,,,
2006-03-20,2006-03-20 蘇樹宗：一貫義理：天慈,1,,https://drive.google.com/file/d/1mZ3f_xQH92eOwHZqXR1haphtPZrKSQrq/view | https://drive.google.com/file/d/1KN84LMSmBPKIXq8xRsLJcOmo5uRYmNMj/view,,,,
2006-03-23,2006-03-23(4)孝化壇,1,,,https://drive.google.com/file/d/1VFuI4KczcDViYtd6tyyG5pZv8KDab-ZN/view,,,
2006-04-21,2006-04-21泰國龍德壇三天法會,1,,https://drive.google.com/file/d/1hxYB-dBtOMO4tWcAFlUZm9iQidMmZNME/view,,,,
2006-04-23,2006-04-23(0)加拿大溫尼辟一天法會,1,,,https://drive.google.com/file/d/1duxmJ1lnjDQlGOGNmQQuMK0hHQWsKreI/view,,,
2006-05-16,2006-05-16(2)佛羅里達道親來芝加哥,1,,,https://drive.google.com/file/d/10czfYimQ3ijfa6SKrqXVzYTDW6REcpHq/view,,,
2006-05-18,2006-05-18(4) 訓文板書,1,,,https://drive.google.com/file/d/1OpgCKMam3Cmgjm4ZZ9PgZAM5C0GSbiat/view,,,
2006-05-21,2006-05-21(0) 訓文板書,1,,,https://drive.google.com/file/d/1_3p5jM15Fu7eBcF2EsBEIETV5VM46abM/view,,,
2006-05-25,2006-05-25(4) 訓文板書,1,,,https://drive.google.com/file/d/1MUeqkOvCvp5ZU2bGOSoqtl1efGdeiW4Y/view,,,
2006-06-03,2006-06-03~04萬隆常德班,1,,,,,https://drive.google.com/file/d/1Ff8mUiFsjQDqghtcqiB2a6OcmkvJdB3A/view,
2006-06-24,2006-06-24-06-25馬來西亞居林常德班,1,,https://drive.google.com/file/d/1B2SUDwkB8DvrULQNluIgvhoetZkANFyj/view,,,,
2006-07-07,2006-07-07-09菲律賓紅奚禮市化慈三天法會,1,,https://drive.google.com/file/d/1QzRnu9PhhM3RpLy9_hMf1Q5rnfv3WzjY/view,,,,
2006-07-09,2006-07-09~2006-09-24,1,,,https://drive.google.com/file/d/1zbgIh1VBdgZY24Yg59-UYsR_K5WoXfYX/view,,,
2006-07-14,2006-07-14-07-16菲律賓天霖佛院三天法會,1,,https://drive.google.com/file/d/1KiXB1NrmCVfHEFMmBharjqwP5aeoDguA/view,,,,
2006-07-21,2006-07-21-07-23菲律賓計順市廣德三天法會,1,,https://drive.google.com/file/d/1O5Ek58HGblA0BBIqlqE1mrVgd9yizBxU/view,,,,
2006-08-02,2006-08-02,1,,,https://drive.google.com/file/d/1v13gmjx0FjmTEFgyWAVS7YEHw2_Zot4v/view,,,
2006-08-25,2006-08-25台中霧峰武聖宮三天法會：仙佛帶動唱,1,,https://drive.google.com/file/d/1TS4aDAsE5nRBJQBTJcrJU7PVO44Y7HRO/view | https://drive.google.com/file/d/1YuyiAjIbwl4G0kjt8Q9YzQ145Tc0CdM-/view,,,,
2006-09-15,2006-09-15(5)~17(0)美國：舊金山：天元道院：三天法會,1,,,,,,https://drive.google.com/file/d/1NfgAbn_DqouHyjUSeq2ESGQXodQrNwQr/view
2006-09-23,2006-09-23~25大學證釋：澳洲,1,,https://drive.google.com/file/d/1Zu3MaWec3i31V4etiXpKJrZz7fhZIbvo/view,,,,
2006-09-28,2006-09-28(4)美國舊金山天元道院讀經班,1,,,https://drive.google.com/file/d/15Vx4aGwpYzkaPGz66THk73-szDK941uT/view,,,
2006-10-20,2006-10-20(五) 美國奧蘭多-毅誠壇 三天法會仙佛慈訓,1,,,,,https://drive.google.com/file/d/1L_ktWVKrJTk-oE8SXMbCEfq_Toj44gmy/view,
2006-12-25,2006-12-25(1)溫哥華,1,,,https://drive.google.com/file/d/1F1a1_Pi1lKDEZj9D7Bn84Ht82tC-f_O7/view,,,
2007-01-14,2007-01-14(0)峨眉書院：一天人才精進班：仙佛慈訓,2,,,,,https://drive.google.com/file/d/1uogmRY9hGnC3aDxyaGO2FPh4M7GkrRUd/view,https://drive.google.com/file/d/1aJR5UwL7pcV3-dgxXDffaUvOzV4KxwuC/view
2007-01-21,20070121睿性佛堂,1,,,,,https://drive.google.com/file/d/1qtp9L3HP_fujteRsst0wtm3kNM6ukGPT/view,
2007-04-03,2007-04-03澳洲墨爾本沐恩三天法會,2,,https://drive.google.com/file/d/1JJEMzOmUTPn2r9i-aXtGbwPxyyRjimkU/view,,,https://drive.google.com/file/d/1EosV6Nqwhb2awRr_hn4obwfkFgU6ae1k/view,
2007-04-06,2007-04-06~08-04 十五條佛規,1,,,,,https://drive.google.com/file/d/1m5AjUIR7svG0hfHifbabktuqPklj8VP0/view,
2007-04-21,2007-04-21(6)~22(0)加拿大：溫哥華：聖澤壇：二天辦事人員班：靈隱文化,1,,,,,,https://drive.google.com/file/d/1Zh00hTJUsyw062krENkBUYck2oh3SBNn/view
2007-04-22,2007-04-22(0)溫哥華兩天法會：靈隱文化,1,,,https://drive.google.com/file/d/1PqwRBAKLWUK2l1_KQi06Ii7tevRsyAPu/view,,,
2007-04-27,2007-04-27(5)~29(0)加拿大：溫哥華：聖澤壇：三天法會,2,,,https://drive.google.com/file/d/1hurA5y1SCZ0vD0NHtTgwYyW-OWvovMEm/view,,,https://drive.google.com/file/d/1rlI5pySGz9nIyuTIpQS5AnYjmfNuNxLp/view
2007-05-04,2007-05-04(5)~06(0)加拿大：多倫多：三天法會,1,,,,,,https://drive.google.com/file/d/1Zj6ZbcbOHIWARX6hRWakDxw8y56a2wqk/view | https://drive.google.com/file/d/1qH-JsgAa1G4laixmIgiIAGg3NRhtcXeu/view
2007-05-13,2007-05-13(0)加拿大：多倫多：一天法會,1,,,,,,https://drive.google.com/file/d/1lWECDLAwdd7D9KCjULCG9lTa35HEdN9m/view | https://drive.google.com/file/d/1pC6in5sJvL7hk3JxnvdzOct49fuQTd4z/view
2007-05-15,2007-05-15 公民宣誓,1,,,https://drive.google.com/file/d/1COnd0dARIDlyPDornCjryZeVrEgbswA2/view,,,
2007-05-16,20070516121943Z覺者的棒喝一,1,,,,,https://drive.google.com/file/d/1TPoNfTeVImdf_R9Bi3_LqdX25g1n3oZj/view,
2007-05-17,20070517022357Z覺者的棒喝二,1,,,,,https://drive.google.com/file/d/1kEAuwgYiZhbjSpgEtyYxqLN8NqOsIhJq/view | https://drive.google.com/file/d/1So8kyyS-zjGQebjcsJLfxQTzqvj843B9/view | https://drive.google.com/file/d/1cyFAXcBnYV8v8B1nCvBcEVBmKx-nrzLq/view | https://drive.google.com/file/d/11FXikvnR63pjNy_QlqxJ1gfyFMIaMH74/view | https://drive.google.com/file/d/17c6EHYDgy8TastOZwgGZTCFbM5Xb9PJ3/view,
2007-05-18,2007-05-18(5)~20(0)加拿大：蒙特婁：三天法會,1,,,,,,https://drive.google.com/file/d/1pSCuO58cg16w_j08L58hlaUJTC6bYmz7/view | https://drive.google.com/file/d/1A0jUbUPznq9LfN41Qqmdy9cg5GzORBNr/view
2007-05-20,2007-05-20靈化菩薩修辦精神,1,,https://drive.google.com/file/d/1V1qnnSGDbo5W0etP--szm-IYp9byE9w1/view,,,,
2007-05-26,2007-05-26(6)加拿大蒙特婁青年幹部法會,1,,,,,,https://drive.google.com/file/d/18KyJv1zmt3HMIX8Mstz-Bn5WcQeyuyOm/view | https://drive.google.com/file/d/1xFIMbIwRBuUx-qhFLOYYdBg86YGavyvY/view
2007-05-27,2007-05-27(0)加拿大蒙特婁一天複習班,1,,,,,,https://drive.google.com/file/d/1a8ld3KlD-TiVyP4Ps_M5uoB5tRbWFmjD/view | https://drive.google.com/file/d/1N0c5jg5Q452nb3IMN1T0We9n10vLMFqT/view
2007-06-01,2007-06-01(5)~10(0)慈化道院落成暨法會攝影專輯,3,,https://drive.google.com/file/d/1ydzZ6wGCzP2mS3WurojRWGnaEbeu9V6O/view,https://drive.google.com/file/d/1J9Q3JcaqSK-JTKFJ66o7D3OfvIetEAfw/view | https://drive.google.com/file/d/1_uAHKDPtk8V_ViQ9PApNa9tq5UyioA3y/view,,https://drive.google.com/file/d/17I6RrD4XOI9yQ5_zU6GE9TlWO5BOXe8_/view | https://drive.google.com/file/d/1NufkWGiG8DIIjoOlCBN5x2UmEEpJpLza/view,
2007-06-03,2007-06-03慈化道院落成,1,,,,,https://drive.google.com/file/d/1i1XJQ1hZ-ChQN4nJDrS4hphxTL6qgvTT/view,
2007-06-07,2007-06-07 黃進芳點傳師慈勉：溫尼辟慈化道院,1,,https://drive.google.com/file/d/1A_EqeziDItDBx6jac_A0tI2FiL1DJDQv/view,,,,
2007-06-08,2007-06-08(5)~10(0)加拿大溫尼辟慈化道院法會(聖歌彙編、道務方針),3,,https://drive.google.com/file/d/1sNS0-psXzZgGq06IfFUzVWzLSh_VfOSE/view | https://drive.google.com/file/d/1EJwYsf4S8EuB9MPn5QdmVJ0pxm61zk4F/view,,,https://drive.google.com/file/d/1EJEkqBDQQZZzJWqpqCrxKgnRwT3Jab83/view,https://drive.google.com/file/d/1-s1b-bIKqM-vW9yKTS6Kt8I-JbtWdvJP/view | https://drive.google.com/file/d/1cmF4xAC88MHfGNRcB4VYsgtul5ACzlvv/view | https://drive.google.com/file/d/1Z0eCw02ELUxoqY3ZdKn0-QaUKFbe5Eca/view
2007-06-09,2007-06-09(6)~10(0)加拿大溫尼辟慈化道院二天辦事人員班(聖歌彙編、道務方針),3,,https://drive.google.com/file/d/19juwvTm50wf4cuSeK5FhOfEZQ1AgxOqV/view | https://drive.google.com/file/d/1d0yr0lk27zCn5aPQkLFaUpMzeqNALoYg/view,,,https://drive.google.com/file/d/1REUn_9ZL2lm3w4vPqUlw_OCE4cKXqStv/view | https://drive.google.com/file/d/1zDuZrZ9S2YvXWiU8Bajqe3PQbfGFaX0u/view | https://drive.google.com/file/d/1OLWYlCSRm0jT924sVTOQ_pqcygJgLwmT/view | https://drive.google.com/file/d/1a7Vlktzyo2d_THGB2lVGxRqSdpnscytT/view | https://drive.google.com/file/d/1O4HAPIlLxuPWLUO7WhRn6XmAxBUMo91I/view,https://drive.google.com/file/d/1SHxyMphpTLD_QQzS-mw-Q2Yk-hsNqt52/view
2007-06-15,2007-06-15~17泰國普吉島崇聖佛堂明德新民進修班,2,,https://drive.google.com/file/d/13WIF3KEpQalDZ24_Kyrlt4Vx0WYqxSu5/view,,,https://drive.google.com/file/d/1pN8DV77_Cv4FUdrVe-a5-4PM1wvbZ5Io/view,
2007-06-16,2007-06-16大肚天慈佛院三天法會：誠心抱守,1,,,,,https://drive.google.com/file/d/1rp0swH4El9ZvC9RJeGCy_2yMn8aJUxTh/view,
2007-06-22,2007-06-22~24泰國紅統府仁善佛堂明德新民進修班,2,,https://drive.google.com/file/d/15QS_qHkFE1HI06XbpA6DZl8Fzzq5L0cZ/view,,,https://drive.google.com/file/d/1fU5Zd1kPh0JCiFhtVd2boSOCtc9NrVlR/view,
2007-06-24,2007-06-24慈明道場講師一天班,1,,,,,https://drive.google.com/file/d/1ntc4WUXdbrmc22cwqcQ3eT4I5nz_9sYr/view,
2007-06-30,2007-06-30(6)加拿大溫哥華天聖壇一天辦事人員班,2,,,https://drive.google.com/file/d/1hNbX9DW84Cin95PeClUpsji6v6zh9QMo/view,,,https://drive.google.com/file/d/1v-5sdoUhJ6Zh3M8XweaYwgWTKMlu_O_2/view
2007-07-01,2007-07-01(0)加拿大溫哥華天聖壇一天法會,1,,,,,,https://drive.google.com/file/d/1EdNzW3x_rON5JDpebeMgp34OLzmoItOH/view
2007-07-06,2007-07-06~08泰國清萊府妙心佛堂明德新民進修,1,,https://drive.google.com/file/d/1EUBUvD0P3aUR__ICofR3H4M9AL9wg76w/view,,,,
2007-07-29,2007-07-29(3)@10-30-48文殊菩薩慈訓(老蔡點傳師講孝道),1,,https://drive.google.com/file/d/17F0475x2ovYVFqRoSEBUWxXe1GxT14zz/view,,,,
2007-08-03,2007-08-03~05越南崇敬壇三天法會,1,,,,,https://drive.google.com/file/d/1gUZPvjkDfnmlev7Le0ECq7MPXkpOqgsX/view | https://drive.google.com/file/d/1IIH3gDttQGhtcdqk6inq61ET9oRSyQZd/view | https://drive.google.com/file/d/1KWWozQNk7q9WOx-ocmw7EMPf11UGNdKW/view,
2007-08-29,2007-08-29(3)~10-24(3)雅加達公義壇(檔案日期),1,,,https://drive.google.com/file/d/1kfM1vH9QilvB1Bbz8TdR_CeoT56P2CfW/view,,,
2007-09-16,2007-09-16(0)讀經會考,1,,,https://drive.google.com/file/d/19SQExFMeFAyyFMcB_fgqFQemrOMzMIVe/view,,,
2007-09-21,2007-09-21(5)~24(1)天然師尊成道六十週年紀念,1,,,https://drive.google.com/file/d/1xqb2uzu41nTby5cGFTEUM2B9i3mjs6SI/view,,,
2007-09-23,2007-09-23天然古佛成道六十週年紀念會資料,1,,,,,https://drive.google.com/file/d/1QMCKubxdddeun8byLLDaZyHNov70JlXN/view,
2007-09-30,2007-09-30(0)彌聖佛堂開壇仙佛指示訓,1,,,,,,https://drive.google.com/file/d/12mkAyTJesgLNeACfDnkJ_RBEV81yEL9z/view | https://drive.google.com/file/d/1QFiGbpRuMbeluUTI4Tc574H6RhN7WBL-/view
2007-10-14,2007-10-14(0)洛杉磯崇德壇,1,,,https://drive.google.com/file/d/1ti6V7rNV5tR0YbequjNn7o4-qYlg5rMg/view,,,
2007-10-20,2007-10-20澳洲雪梨恩輝壇三天班,1,,,,,https://drive.google.com/file/d/1UbT35TVk5bS9XXpD0OE0t-u3LAlyRb6b/view,
2007-11-11,2007-11-11師尊成道六十週年：日本,1,,,,,https://drive.google.com/file/d/1acvItqqIWjk9wcAn_ZR9xtpB4jrRHh-x/view,
2007-11-17,2007-11-17北欖府奉恩樓二天年終檢討班,1,,https://drive.google.com/file/d/1opUi_7eKtmkuiIp8e_TtegN4YdXvhn2t/view,,,,
2007-11-24,2007-11-24泰國素叻府孔廟：二天年終檢討班,1,,https://drive.google.com/file/d/1ocSdNUp08p2yIff-iLnoV-a2Ud4uLeLi/view | https://drive.google.com/file/d/1FhrVU_chrk5aDjmykpFgO9b6r3xgVc3Z/view,,,,
2007-12-01,2007-12-01挽沛府慈宣壇二天年終檢討班,1,,https://drive.google.com/file/d/1c_cO0ZpqZFeBgnU1dHv9SoIst1J7CcTu/view | https://drive.google.com/file/d/1EnVuUSa202ZXmMo2P_2omqmpfBDAe02G/view,,,,
2007-12-08,2007-12-08北欖府奉恩樓二天年終檢討班錄音檔,1,,https://drive.google.com/file/d/14cSudtyXnDWp1KxPRL9jYhKWCApXSYKL/view | https://drive.google.com/file/d/1G-y3RJAUCriUaxriwMOAhSQLA8JXeQ1X/view,,,,
2007-12-11,2007-12-11清萊府立志壇一天佛規禮節班濟公活佛,1,,https://drive.google.com/file/d/1eaA0WbzWk4xKG5Eh0Hyf4TGBEwhsSXod/view,,,,
2007-12-15,2007-12-15泰國北欖府奉恩樓二天年終檢討班,1,,https://drive.google.com/file/d/1QmaEK68JUH21ZLPrvU5zCOXTJuPU52Wy/view | https://drive.google.com/file/d/1nDYjs0OjSeRIiBIQ7dsgxN7YJi2Iv13p/view,,,,
2007-12-29,2007-12-29(6)~30(0)峨眉書院青年人才養成培訓開課,1,,,https://drive.google.com/file/d/1LED_8tOZrVxrRiurV29svEWGGzQ5dKYB/view,,,
2008-01-05,2008-01-05(6)板橋德宣佛堂卅週年紀念,2,,https://drive.google.com/file/d/1U4jc0_u7q8MGb6bMbx3qtCXDrP9qsyY_/view,,,,https://drive.google.com/file/d/18qVlqK_vBgZcM2T-nJ5uI_X5JvzaNhwr/view | https://drive.google.com/file/d/1m0lIAlny2xIcbBBnF0ezBL5JJ_aQMSPi/view
2008-01-06,2008-01-06 0900~1630 華山講堂兒童讀經師資研習會 (待縮小),1,,https://drive.google.com/file/d/1ejV4vobKYnGFxhUZ3RNMhASIULEGjRRg/view,,,,
2008-01-11,2008-01-11大連讀書會,1,,https://drive.google.com/file/d/1fawrotnH8wnifDGkkJvyST51Y85ZjuE1/view,,,,
2008-01-12,2008-01-12大連一天研究班,1,,https://drive.google.com/file/d/1p1UgcxM_uzc3IF55SjTXEVeGBVCiqA-t/view,,,,
2008-01-13,2008-01-13(0)賴美娥點傳師之父賴公告別式,1,,,https://drive.google.com/file/d/1rU3yT_HnRi4Q9wquCUyI_TPOt7ZUee01/view,,,
2008-01-14,2008-01-14(1)道務會議(北美道務),1,,,,,https://drive.google.com/file/d/17V12adrqOS19ossYDfj8FEbn45ReXTVA/view,
2008-01-17,2008-01-17蔡經理授課(聖恩壇),1,,https://drive.google.com/file/d/1YgMOIiFY1V8UsW83O3Lo0RpDjAP1WaET/view,,,,
2008-01-20,2008-01-20 (7)峨眉書院年終一天精進班,2,,https://drive.google.com/file/d/11OFTEyx462KFENvx8zcqhgkvaMlPImUV/view,,,https://drive.google.com/file/d/1z0kTC_nMbtLOEyFwZ5MoFaoPQ-tTeO83/view | https://drive.google.com/file/d/15s4eMNnQ8fznHyQcNN_1VtHQI7agJeon/view | https://drive.google.com/file/d/1X82k2Td-Yq6VAijZot1-WZe4LoJBIv8q/view,
2008-01-25,2008-01-25蔡經理授課：聖恩壇,1,,https://drive.google.com/file/d/1K07JDikK5dtIxWqG_d54bPNUlwSEExP0/view,,,,
2008-01-26,2008-01-26陳大姑追思會,1,,,https://drive.google.com/file/d/1nf5XG4bGxNKNyeW2mmeOxeNOtYlm3rHH/view,,,
2008-01-28,2008-01-28(1)許秀女講師之父許公告別式,1,,,https://drive.google.com/file/d/1kVO0GVGj0qqGA7nHi7Pwbtro_YYOkQfv/view,,,
2008-02-09,2008-02-09~11老師臨壇全程錄音武聖宮三天法會,1,,https://drive.google.com/file/d/1sofWmXjEp2ZDE1tJTrqHapehnqDZ4XRb/view,,,,
2008-02-16,2008-02-16(6)峨眉書院簡介,1,,,,,https://drive.google.com/file/d/1mjFyd7kW5EfZy8jx_mo3zn7NCFgakEcF/view | https://drive.google.com/file/d/1YxnhQEM1jxLmJQV3axz2GC6Cp7pBMIqm/view | https://drive.google.com/file/d/1-E-QZoYJn-fGHWWbdULhNBwqr1jIP0cH/view,
2008-02-17,2008-02-17(0)天道大義-三寶心法(蔡經理),1,,,,,https://drive.google.com/file/d/16u0DaC6EIuaS2-R5w7FxpMZPY6pZx22l/view,
2008-02-25,2008-02-25~27孝經經典班師資培訓,1,,https://drive.google.com/file/d/1-zgsCZF-HfmgcwFjR0LTuEedXmRBxKdi/view,,,,
2008-03-03,2008-03-03-03-05澳洲慈育三天法會,2,,https://drive.google.com/file/d/1-gPFAGRAvGsXR9_TTv5V1NbSy4m5Qsc5/view,https://drive.google.com/file/d/1c2zmmppcTfDChqYvNzpf1uo3dLga1YpG/view,,,
2008-03-07,2008-03-07(5)靈隱寺他方道場朝聖,1,,,https://drive.google.com/file/d/1jxNblH6ZUCAauxqB8szckno0vhiczNZK/view,,,
2008-03-12,2008-03-12萬隆宣德壇普通一天班,1,,https://drive.google.com/file/d/1Rtc6w6YiHuHx9JFxtCACGi8KGweelqfa/view,,,,
2008-03-15,2008-03-15~16兩天班,1,,https://drive.google.com/file/d/1skq81byRT3q8h55cAWULovYRYzQyp4U8/view,,,,
2008-03-17,2008-03-17(1)~19(3) 經理電腦班,1,,https://drive.google.com/file/d/1LwU5o5gZKlb3YuK_LK8R06fVUZxdEhgI/view,,,,
2008-03-23,2008-03-23峨眉書院聯絡圈：養生之道：歐講師,1,,https://drive.google.com/file/d/10O6m4Wyve5-KqPcHf-pCqFBxhcNe3AHA/view,,,,
2008-04-20,2008-04-20董經理談經營紐西蘭：泰國,1,,https://drive.google.com/file/d/1aqUwnERItpfWWC53h9T6dC_U60Ajj0UK/view,,,,
2008-04-23,2008-04-23泰國孝經十八章章旨導讀之一：蘇講師,1,,https://drive.google.com/file/d/1cr82grLQqQ6hCCZBANkngJXvfV45N7Wq/view,,,,
2008-04-25,2008-04-25-27廣化書院布里斯本墨爾本三天法會,1,,,,,https://drive.google.com/file/d/1fOHb-04hh4hbUO573lmJHkyjpdgnnrME/view,
2008-05-03,2008-05-03(6)~04(0)霧峰武聖宮佛規愿行班暨清口班,2,,https://drive.google.com/file/d/1ZABi_SsipD5yzIit1mGaZ7bpy-cKVl8b/view,,,,https://drive.google.com/file/d/1vXyBbSUHNtmn522ld2fJAdLgyZXwVevE/view | https://drive.google.com/file/d/1xL6lGyfmV3ZHad5yHVE44FPxrePKWoFf/view
2008-05-07,2008-05-07(3)靈隱寺經理會議：母親節,1,,,https://drive.google.com/file/d/18ohOszpmPEjE5K6AB4TE0r0MAo9QQVfQ/view,,,
2008-05-09,2008-05-09-05-11澳洲沐恩三天法會,1,,https://drive.google.com/file/d/1qFp2qjuxRwCHwfu2dDaY_maAhqxJNEM2/view,,,,
2008-05-11,2008-05-11(0)文書組峨眉書院開會,2,,,https://drive.google.com/file/d/1FxV3RT9isHCIW-txKOw-q4BCicHEsWjs/view | https://drive.google.com/file/d/1ZU0950EXxh3lQy-cHVYA7rBYoKJ_u4ZU/view,https://drive.google.com/file/d/1LxoR9-aYQB8R6TUZ_QntVkPwSQdrBchT/view,,
2008-05-24,2008-05-24高雄慈聖佛規愿行班,1,,https://drive.google.com/file/d/1CKlmyzREhdV_FlMgFwOwNUjXul7fhvDN/view,,,,
2008-06-02,2008-06-02(1)馬小莉訪臺,1,,,https://drive.google.com/file/d/1L3xRxLYRKHg9X1AXXHgupv1hWfaKpdI3/view,,,
2008-06-07,2008-06-07~08美國洛杉磯崇德壇佛規愿行班,1,,,,,https://drive.google.com/file/d/13nF4fhjnPU8BWJjmjizFtr2zOmmBBv0E/view,
2008-06-13,2008-06-13(5)楊選壇主之父楊公告別式,1,,,https://drive.google.com/file/d/1mXLkq6Rxs5_YbIEPdf3dawdSuk2o9Xld/view,,,
2008-06-14,2008-06-14(六) 美國舊金山-天元道院 佛規愿行精進班仙佛慈訓,1,,,,,https://drive.google.com/file/d/1NUylpz_Hl4eJMNoXp3tUXeZuawunHr2g/view | https://drive.google.com/file/d/1nLZyL7pYlbb54fqy98yJWKwFLKQI-L8Q/view,
2008-06-20,2008-06-20不休息菩薩結緣訓,1,,,,,https://drive.google.com/file/d/1R3MpDopW2YMW-J65awwoPfGwSJPRzWNh/view,
2008-06-21,2008-06-21(六) 美國奧蘭多-仁德佛院 佛規愿行精進班 仙佛慈訓,1,,,,,https://drive.google.com/file/d/1lYw8CBl3vhY0mF0hZ4iqB8CTUpNvYmpN/view | https://drive.google.com/file/d/1Hrww4vWpDX17iSSLAj2Kqwfj7MkWbzMu/view,
2008-06-22,2008-06-22(0)道務會議(學務文書聯席會議),2,,,https://drive.google.com/file/d/1E1s76vkdpRMDFFnXUem9j5IUxz8ngzSB/view,,https://drive.google.com/file/d/10D9DdQYze4RuS7yr3jAWBfYLwojo6BMX/view,
2008-06-28,2008-06-28~29美國紐約忠誠佛規愿行班,1,,,,,https://drive.google.com/file/d/1gIX6L9uRRic-4WFBFpeDIOUC41o9dwOl/view,
2008-06-29,2008-06-29泰國清邁廣智佛規愿行班：淚光(老師),1,,https://drive.google.com/file/d/1jm0LU7mCtJoqchFe4UQYg-jjwHot8Lom/view,,,,
2008-06-30,2008-06-30(1)鍾佳齡壇主之父鍾公告別式,1,,,https://drive.google.com/file/d/19Pj3_cYf-pgst7lHIsVHmxadEjUGL51L/view,,,
2008-07-03,2008-07-03(4)~09-10(3) 峨眉書院第一期華語師資班,1,,https://drive.google.com/file/d/1FXUFBPyHHmuHKqAn8eImR2iTzpPbdY_C/view,,,,
2008-07-07,2008-07-07~08 靈隱寺華語教學演示 (檔案太大，待處理),2,,https://drive.google.com/file/d/1TOjt_cZGB4z6TRqb1ml4MbpAJjLpQIS_/view,https://drive.google.com/file/d/14W9pIZV1B5wauFZoHAk1oxAlSbUCP8Cu/view,,,
2008-07-16,2008-07-16峨眉書院第一期華語師資班：注音教學：平鎮廖氏壇：林秀環,1,,https://drive.google.com/file/d/1HbpTxp2gEAWCyIJF8qyYGKiSadlrAzb1/view,,,,
2008-07-17,2008-07-17(4)仁德佛院工程進行實況(應該是先前拍的),1,,,https://drive.google.com/file/d/1aObkMOrccATsiDQz-DdiaWZOQihftiMJ/view,,,
2008-07-19,2008-07-19(6)溫哥華聖澤佛堂壇主辦事人員精進班,1,,,,,https://drive.google.com/file/d/13keC04TSThT653ApC7sNXCdUXUpPOcrz/view,
2008-07-20,2008-07-20(0)聯絡圈及文書團聚,1,,,https://drive.google.com/file/d/1ibk_xeAK9ODTKN7Pi5d829pDUZvei8zF/view,,,
2008-08-09,2008-08-09(6)策劃會(設定長期目標),1,,,,,https://drive.google.com/file/d/1ABXUjCA4QP7Gn1U0VVS4nBpWwxKm_BQm/view,
2008-08-10,2008-08-10(0)文書團聚,1,,,https://drive.google.com/file/d/1oPz_31rOP92vzbOsC_dfFjXoVMYodYmL/view,,,
2008-08-13,2008-08-13華語師資班：曾詩秦,1,,https://drive.google.com/file/d/1kiOFU9H2TaoKZRu5aqVNqRhGIGtE1ViA/view,,,,
2008-08-14,2008-08-14(4)操辦會議(操辦會議成立),1,,,,,https://drive.google.com/file/d/1Fty4QlNlVjdTGjZxTolUl7kzfpc0RXBU/view,
2008-08-16,2008.08.16-18錫江勤濟三天法會,1,,,,,https://drive.google.com/file/d/1bqxxv68mFumqE3CEMWNO3QFzl5F5Bti9/view,
2008-08-19,2008-08-19(2)戴秋雲點傳師訪談於慧圓壇,1,,,https://drive.google.com/file/d/1hz0JADJg9ytnkTBtHo2qlyY62Bgg7g61/view,,,
2008-08-20,2008-08-20(3)華語師資認證(孔奕欣主講於平鎮廖氏壇),1,,https://drive.google.com/file/d/15IHour4BD94_UwdoakqX1AS6srcB9eVR/view | https://drive.google.com/file/d/1QB-k_QXG-83Q6smTZ61Qjuyl0XlTGQ7l/view,,,,
2008-08-21,2008-08-21(4)操辦會議(發一崇德修辦共識),1,,,,,https://drive.google.com/file/d/1jYxwI2kFgHDfKAYfLa9Yed0_ezt1Bo55/view,
2008-08-23,2008-08-23 靈隱寺道德經培訓班,1,,https://drive.google.com/file/d/1tnddinuplH9iCrliW2nJjh1A7QcRmaBw/view,,,,
2008-08-25,2008-08-25(1) 峨眉書院文書工作沿革 (宋經理講述於板橋聖恩壇),2,,https://drive.google.com/file/d/19Ck9Z4Bs54yjexaMczcKv1Ta7AnyeIdC/view | https://drive.google.com/file/d/1BoFSisqoNMYS9VGQrNFMFTmNYXGjYoFF/view,https://drive.google.com/file/d/12hF-8rkl9lBRerNozPaN_6iktTr5zHF8/view,,,
2008-08-27,2008-08-27(3)靈隱寺華語教學展望：蔡碧金講師：中壢廖氏壇,1,,https://drive.google.com/file/d/1JjjDWKxspIcoXBXp3MHjGiAyjLsz7Avc/view,,,,
2008-08-28,2008-08-28(4)操辦會議(弘道組計劃),1,,,,,https://drive.google.com/file/d/1RbUCnKyuinTyK2FoTYU6jeEzc3nPkM6j/view,
2008-08-30,2008-08-30(6)14-31-23,1,,https://drive.google.com/file/d/1j3475kqYToB8XDTGNg5rv37MOH_GSKz4/view,,,,
2008-09-03,2008-09-03(3)峨眉書院華語師資班於平鎮廖氏壇(黃素暖講師教學示範),2,,https://drive.google.com/file/d/17KTdu_FwYt9ruhy2mCfZYKjrLD5oOvzd/view,,https://drive.google.com/file/d/11P9X4Dyr-kmKC0FfDFMPLOnWhamN12X0/view,,
2008-09-04,2008-09-04(4)操辦會議(各組計劃),1,,,,,https://drive.google.com/file/d/1ccJ2dGvl20-0DchliLc47nE3wSOHNeNp/view,
2008-09-05,2008-09-05~07紐西蘭聖慈三天法會,2,,https://drive.google.com/file/d/1KmfT_6RSI5lry_DWCmmTMm1ZXJqGDbBl/view,,,https://drive.google.com/file/d/1KIvjMvbnTBF_oGbSeRY6LusJe5iMnT9V/view | https://drive.google.com/file/d/1mN-t8CIwkdVgSDbpmEMrKopzG1_Xkngv/view | https://drive.google.com/file/d/1e3yhKwkPonlDiO01jx7f3Qi4DDrwm_sx/view | https://drive.google.com/file/d/1j4Q2S4_2VERYzJC4hiGXFBscl4vu0CSE/view,
2008-09-06,2008-09-06(6)徐清發點傳師訪談於武聖宮,1,,,https://drive.google.com/file/d/1jBDVRL4uLzI5wJe_wAgyaWS0PQnItjid/view,,,
2008-09-07,2008-09-07天道一貫彌勒因緣：董招賢經理,1,,https://drive.google.com/file/d/1SPjq_sc0ZzR-EH5WEuq9iqeYPTHyAPaz/view | https://drive.google.com/file/d/1E-mzoTNbkID9t8RJ1ZS5n7avaKDaRJuh/view,,,,
2008-09-10,2008-09-10(3)華語師資培訓：畢班：中壢廖氏壇,1,,https://drive.google.com/file/d/1SGqu1Ii0fKlwbFLHD4rQDokwYBafExQh/view,,,,
2008-09-11,2008-09-11(4)操辦會議(學務組計劃),1,,,,,https://drive.google.com/file/d/10-Ci7cqFsYufOFkOcHzhCMPv8MlVwJyc/view,
2008-09-12,2008-09-12(5)~14(0)美國舊金山天元道院三天法會,2,,,,,https://drive.google.com/file/d/1fUdwQdnN6go7TDvyqL5Me3S5D9W2MpYw/view,https://drive.google.com/file/d/1WK0R4LnuGjsTijZEBlYSyAdXLDGFOI65/view
2008-09-14,2008-09-14(0)桃園縣觀音鄉齊化壇開壇(中秋節颱風天團圓日),2,,,https://drive.google.com/file/d/1wPva8f2ViiHbEJ1lA9rGLu8xEURvczi7/view,,https://drive.google.com/file/d/1bwJNIOG0q5lNWMN0VV03ClaLFdeV_sWL/view,
2008-09-18,2008-09-18(4)操辦會議(各組計劃),1,,,,,https://drive.google.com/file/d/1NNf1DnhbSaD6-F__6NXRzSmbfqoODI3B/view,
2008-09-19,2008-09-19~21波特蘭同仁壇三天法會,1,,,,,https://drive.google.com/file/d/1xsOpLTe5c56WnSiEVeLbyKwpNwTM-Fwu/view,
2008-09-25,2008-09-25(4)操辦會議(各組計劃),2,,https://drive.google.com/file/d/1K0Hy5icMLl2kt-0-jjuKziiV8l0yVUM5/view,,,https://drive.google.com/file/d/1vSnmFduvufH0fhIwfsI5SJE7XVat0KDE/view,
2008-09-26,2008-09-26~28洛杉磯崇德壇三天法會,1,,,,,https://drive.google.com/file/d/10MNiTAkkHALO9OaHt_o9MMtpDycFacW1/view,
2008-10-01,2008.10.1-3杳雅普拉永賢三天法會,1,,,,,https://drive.google.com/file/d/1btOo6zKFOzLxp2uVlz2Lgv6tRLFZPXyJ/view,
2008-10-02,2008-10-02(4)操辦會議(財務組計劃),1,,,,,https://drive.google.com/file/d/1uxkjbKdnYwF5hhzO95W_yb5nnXOCGFiZ/view,
2008-10-03,2008-10-03~05鳳凰城三天法會,1,,,,,https://drive.google.com/file/d/1tabo-vQS-xX9A_Lqfg7XLnQQ5GzXCCDy/view,
2008-10-07,2008-10-07保養學養修養：聖慈,1,,https://drive.google.com/file/d/11J4nht6G2JVtubx1ATW6GwL8E8ImraaG/view,,,,
2008-10-09,2008-10-09(4)操辦會議(協辦組計劃),1,,,,,https://drive.google.com/file/d/1qLNGnBt17y75Qs0uVX-2GrOCmQVj9Qdr/view,
2008-10-11,2008-10-11聖儒三天班仙佛聖訓,1,,,,,https://drive.google.com/file/d/16iLnubDaJLp5F2QeeeZoN8ffnnTmgrLN/view,
2008-10-12,2008-10-12~14紐約忠誠壇三天法會,2,,https://drive.google.com/file/d/1wRxEGhunbQCOuNrVUwSDoUDiMUQV7Xix/view | https://drive.google.com/file/d/15tLD90gEazMZWtkQq7Q3u5M7afiMgDuV/view,,,https://drive.google.com/file/d/1rs4okJgg_AEIOWso7-bcfNZFstf_poiq/view,
2008-10-16,2008-10-16(4)操辦會議(文書組計劃),1,,,,,https://drive.google.com/file/d/1P1riE_eFzfbIGOOTQORbRiJnFz4TpeIL/view,
2008-10-17,2008-10-17(5)李招名之母告別式,1,,,https://drive.google.com/file/d/1CnDMSo0R-Uy6R1Z-dYnqWL89fcwFbEkS/view,,,
2008-10-18,2008-10-18~19孝經培訓,1,,https://drive.google.com/file/d/147Bt63I6cwSOIyJYiEQhEEI4amj3HSom/view,,,,
2008-10-19,2008-10-19(0)聯絡圈,1,,,,,https://drive.google.com/file/d/1JGRhXfod5XX2rRanKofGaGLgk2f6yr5g/view,
2008-10-26,2008-10-26休斯頓慈正壇十週年慶暨一天法會,1,,,,,https://drive.google.com/file/d/1kuRALLL5OedgVExjDlpwJ8VJihfbZb7r/view,
2008-10-28,2008-10-28(2)黃媽媽及黃瑪麗訪靈隱寺,1,,,https://drive.google.com/file/d/1YFi0flc2es2PEQK9pL1dTkVig56eGfGC/view,,,
2008-11-02,2008-11-02奧蘭多仁德佛院落成,1,,,,,https://drive.google.com/file/d/1-UX_Uevb_YosLJ020JYFwI90K3K51PIc/view | https://drive.google.com/file/d/1zutM3pHdvg3j4GtiBBuj8kjz78OTOYqI/view,
2008-11-07,2008-11-07~09奧蘭多仁德佛院三天法會,1,,,,,https://drive.google.com/file/d/1qOEHOyFjumVKpWnpYRMfIB8A4OxL_S2O/view | https://drive.google.com/file/d/1kleWaHL7ycPQZr5xs3lQZLVJ69kc91El/view,
2008-11-14,2008-11-14~16拉斯維加斯賢達壇三天法會,1,,,,,https://drive.google.com/file/d/1R2G4L01KIStx9XsUhKucYcL0io7WOqs4/view,
2008-11-18,2008-11-18拉斯維加斯賢達壇一天複習班,1,,,,,https://drive.google.com/file/d/15728RHD5mEjH8T_fqwave3P06fn9A4L3/view,
2008-11-21,2008-11-21(5)~23(0)美國夏威夷明真書院三天法會,1,,,,,,https://drive.google.com/file/d/1P3fkGYPYrmay-r2MS7pVOvEIlthMj2In/view
2008-11-23,2008-11-23(0)白水老人開荒闡道六十週年紀念會於靈隱寺(上午),2,,https://drive.google.com/file/d/1KF1Tg1mwqKR8KGesMSceBW1a0w1p8RkE/view,https://drive.google.com/file/d/1GBM79Avv5S246P4R1V4bxISR-j-nJlfm/view | https://drive.google.com/file/d/1ywk-TJX6BHLv1aQOdjjwt4D1uuLEteIw/view,,,
2008-11-27,2008-11-27(4)一天辦事人員精進班,1,,,,,,https://drive.google.com/file/d/1v_W2EFdaTgyGPznybUyvFjcPQG8HV8_v/view
2008-11-29,2008-11-29(6)白水老人開荒闡道六十週年感恩紀念大會於崇德佛院,2,,https://drive.google.com/file/d/1Osu7s05aGWTvHc0tBn0ugTVq_SR3nnNQ/view,https://drive.google.com/file/d/1mw7Bc3dezFaPe5Jmgxd7n1Czl4BYN6Ii/view,,,
2008-12-01,2008-12-01(1)靈隱寺法會文書行前會議,1,,https://drive.google.com/file/d/1-qoTkZjCj4EQGWxgLMWj_R4gi1p_bxrg/view,,,,
2008-12-05,2008-12-05(5)~07(0)三峽靈隱寺三天法會,2,,,https://drive.google.com/file/d/1EiovDNrhcoyIRsNYeaaU1i3X3SP5rMMN/view,,,https://drive.google.com/file/d/1eDaQgPjMDBANNrIElCu3OYohPUHo9VGo/view
2008-12-08,2008-12-08崇恩點傳訓文,1,,,,,https://drive.google.com/file/d/1qaE5Gme0XTEU37xqynRhhiA39qiiZX7b/view,
2008-12-11,2008-12-11(4)操辦會議(年終精進班計劃),1,,,,,https://drive.google.com/file/d/1bIVEP-oZqn9NhL115MSoZfj3xodZeQYC/view,
2008-12-25,2008-12-25(4)操辦會議(年終精進班計劃),1,,,,,https://drive.google.com/file/d/1hXLQIlMddHbafH1kuAhzarPU3N18camR/view | https://drive.google.com/file/d/1QZPp-LChlHiPG-Q_dCjXBhDzB3lRX01U/view | https://drive.google.com/file/d/1hy_aLI5VHe9gxpcXZZoHOjgbPclY0_f8/view,
2008-12-27,2008-12-27.28 峨眉書院 年終一天檢討班＿錄音檔,1,,https://drive.google.com/file/d/1PlF3IeUBccvN5cwItu4lAs95QfeblCsJ/view,,,,
2008-12-28,2008-12-28(0)峨眉書院年終檢討精進班第二天活佛師尊慈訓,2,,https://drive.google.com/file/d/1vTCaUtKEiXMmX8NlRo7x4c4Z2clM3GoO/view,,,https://drive.google.com/file/d/1gioKF8VVwJ4zo28juY0g1ULWTk-VDQeU/view,
2009-01-01,2009-01-01-01-03澳洲雪梨化性三天法會,2,,https://drive.google.com/file/d/1jF8bHGVXC92-EvjiSk1jkRMnYn5Iknom/view,,,https://drive.google.com/file/d/1G1WfBOk7Syy8wTX1WMTyrLkMh0DReLym/view | https://drive.google.com/file/d/1xBCu9RJXafV_lZsjBEhQRIQ5TfojlwjL/view,
2009-01-04,2009-01-04化性一天複習班,2,,https://drive.google.com/file/d/1K6kfbPuMjFdaTN9EVtMYIIbkIUt1CkSO/view,,,https://drive.google.com/file/d/1YY3Y9QEOWLZ2VOKl4tu7IVuRdu6UvwG6/view,
2009-01-08,2009-01-08(4)操辦會議(年終精進班檢討、道場輔助課程),1,,,,,https://drive.google.com/file/d/1eY8_eH3lzhjUA0LRcjGW8NmK_VywFeI-/view,
2009-01-09,2009-01-09~11沐恩三天法會(開沙)_白陽號,4,,https://drive.google.com/file/d/1Z_UbwKJRJRBjb4oxU3CLtfdxObOycah2/view,https://drive.google.com/file/d/168Wkqp71KjPQHHg4lvLMek-KwQQI9lSh/view,https://drive.google.com/file/d/1vQ-EhjwVa9rkVaqS8rZAa1wymBlttZT6/view,https://drive.google.com/file/d/1RTvgBr2UN6GPCSClxG0qSBj1JyDSNljM/view,
2009-01-15,2009-01-15(4)操辦會議(峨眉書院年度行程),1,,,,,https://drive.google.com/file/d/1AumBhUiVZ6kEkEUX5s0jkl_kZFUOOFV6/view,
2009-01-18,2009-01-18(0)板橋聖恩壇一天法會,1,,,,,,https://drive.google.com/file/d/1XPe6D-m5JHWnv-6ZefyNhClCuY5AXYJJ/view
2009-01-21,2009-01-21孔孟聖道儒門心法,1,,https://drive.google.com/file/d/1fFPFzG84JimidssT1vBb6CXtjslPQIMn/view,,,,
2009-01-24,2009-01-24孔孟聖道,1,,https://drive.google.com/file/d/1IP9oSyhujHXVVoIeL-opztq_ywxOScGa/view,,,,
2009-01-29,2009-01-29(4)靈隱寺華語師資培訓：班規說明、前賢慈勉：董點傳師、黎點傳師,1,,https://drive.google.com/file/d/18HkXTbIzNuInanKkViLXZZKt9F1K2Bs6/view,,,,
2009-01-30,2009-01-30(5) 峨眉書院新春團拜,2,,,https://drive.google.com/file/d/111wMbRwIZpza4T1VWeMX6WY_3EUwXcPK/view,https://drive.google.com/file/d/1rCyMx22lw4lx93Hd1UM24QPUJWxjXWo2/view,,
2009-02-04,2009-02-04(3)~06(5)靈隱寺明德班師資培訓,1,,https://drive.google.com/file/d/1sNDuGlfW5_WaZjUQVfkhhPY-p4_47RGi/view,,,,
2009-02-09,2009-02-09(1)~12(4)靈隱寺金剛經培訓班,1,,https://drive.google.com/file/d/1u-nVv8LrGTOXGwgPIIljCHrYmjpuUwzD/view | https://drive.google.com/file/d/1tkOe8PaS82e-9J4Or28fnQHeN4Vt1kuW/view,,,,
2009-02-19,2009-02-19(4)操辦會議(操辦會議及各組現況),1,,,,,https://drive.google.com/file/d/1mdSHOtH_fMLUV2Mk4vu7N1rjC4J4NZic/view,
2009-02-20,2009-02-20一貫薪傳生命價值：董經理,1,,https://drive.google.com/file/d/190gEVvWM6A479lCbxFr-8ENXk96fVGKC/view,,,,
2009-02-23,2009-02-23(1)點傳師會議(財務組計劃、國內外道務體系),1,,,,,https://drive.google.com/file/d/1MHqEdEZFuB3Ot7z8fX55P81oSSXHNaio/view,
2009-02-26,2009-02-26(4)操辦會議(財務組計劃),2,,https://drive.google.com/file/d/1wA4KNOfE-PexaIG9erFZUOQ_VKGcdTAf/view,,,https://drive.google.com/file/d/1JZlcCN91oK_YkKEot1PgqHpBiaU0mcPo/view,
2009-02-28,2009-02-28(6)峨眉書院操辦人才研習班,1,,https://drive.google.com/file/d/1du2J6Nh4UA5Io8Hadi9dBhn2sB024NB_/view,,,,
2009-03-05,2009-03-05(4)操辦會議(財務組計劃),1,,,,,https://drive.google.com/file/d/1ueo36bfxa_zLjnnhtilOF75gVcy_AjAU/view,
2009-03-08,2009-03-08(0)峨眉書院青年人才養成班,1,,https://drive.google.com/file/d/18-xVfrvu1tR50YfMQqZAig_JoYvFplpj/view,,,,
2009-03-12,2009-03-12(4)操辦會議(佛規禮節實務班計劃),1,,,,,https://drive.google.com/file/d/1SU9YgmFHtcRKupbhIIikxT87ZuyDCEbr/view,
2009-03-15,2009-03-15(0)峨眉書院佛規禮節實務班,1,,https://drive.google.com/file/d/1SPG2dNdHmZxrfPNDlQJhUkf0hor1xx5M/view,,,,
2009-03-17,2009-03-17(2)道務會議(印尼道務支援),2,,https://drive.google.com/file/d/1vgpaWIUCc7bgG_7Lz_6tYM7dFoEC7m4g/view,,,https://drive.google.com/file/d/100TMpZrkikJBSnj-yGB9OqHoZzTo4CtE/view,
2009-03-19,2009-03-19(4)操辦會議(聖恩讀書會、國外支援、開荒人才培訓班),1,,,,,https://drive.google.com/file/d/1luhWjY7yWyxpEwHHC5z-2R9WiKt7qaea/view,
2009-03-20,2009-03-20(5) 粘秀祝點傳師告別式,2,,https://drive.google.com/file/d/1WeLFPI54Ly2cdvWYuIxgiju1BF0BCwxg/view,https://drive.google.com/file/d/1Hf99fHu9TIxe4i3BL7n7T2RZaZFFSpfk/view | https://drive.google.com/file/d/1dpY8A4DoLmibE_5bkA-S5_j0d-VXvj3T/view,,,
2009-03-21,2009-03-21士林明善佛堂開壇,1,,,,,https://drive.google.com/file/d/1LHriCEjrmqK0Iz6ION-p4Gj1zWXOj4Tg/view | https://drive.google.com/file/d/18vAb1IvExnBtcynzoYN381YxM-ztEcSG/view | https://drive.google.com/file/d/1zdgg41KvR2a8hq2h9-KvMGIl92pI0jpo/view,
2009-03-22,2009-03-22(0)峨眉書院佛規禮節實務班,1,,https://drive.google.com/file/d/1BsoS8-mFAceBSRJyaMeh_TgYBNsVelB3/view,,,,
2009-03-26,2009-03-26(4)操辦會議(基礎研究班課題培訓、渡人成全、聖恩讀書會),1,,,,,https://drive.google.com/file/d/1c5oAMmgW48bYCupXEq9KZjRgnBcPWQmm/view,
2009-03-29,2009-03-29(0)峨眉書院佛規禮節實務班,1,,https://drive.google.com/file/d/10-rpPQpsF5U9y_YwCSHshMnmL26Rs2Gp/view,,,,
2009-04-02,2009-04-02(4)操辦會議(峨眉書院二樓隔間、三十五週年慶、青年人才養成班),1,,,,,https://drive.google.com/file/d/1vlFB5BJlRBR8JUZYKzaDTiF_M5wVRqWB/view,
2009-04-09,2009-04-09(4)操辦會議(道務體系),1,,,,,https://drive.google.com/file/d/1FYCzALBrhMppZrhNx2SlDSxi-5ynJwKF/view,
2009-04-10,2009-04-10~12老師：紐西蘭聖慈,1,,https://drive.google.com/file/d/1urMK1zegVHJsgH_p8-pNbtn-COfTGrv3/view,,,,
2009-04-11,"2009-04-11(6),18(6)普通研究班課題培訓：認理歸真",1,,https://drive.google.com/file/d/1lMxSGJPQct9LvhHfFNTlsUtFi7ENQZVb/view,,,,
2009-04-15,2009-04-15~29印尼禮恩佛院錄音,1,,https://drive.google.com/file/d/1bDCOFzXcT-zCmZN66JuMREe0Z9Cht2QS/view,,,,
2009-04-16,2009-04-16(4)操辦會議(道務體系、今年度操辦會議操持輪值表),1,,,,,https://drive.google.com/file/d/1IzUHvm8fBIaFFLKO3JlEHfAHY3KjuKmR/view,
2009-04-17,"2009-04-17(5)認理歸真－道是什麼(宋經理講述,歐講師補充)",1,,https://drive.google.com/file/d/1IFyI9p0v2nIODN5RIjsPRVFuKlMwqxDg/view | https://drive.google.com/file/d/1NOSWVANrVIxcLLhvUHeF1ufvpufwFQqd/view,,,,
2009-04-21,2009-04-21(2)~23(4)泰國金剛經培訓,1,,https://drive.google.com/file/d/1K_JcLeogdOhkmGorAb8psr6eWxMSc6bE/view | https://drive.google.com/file/d/115P0WjyhP7Fg0fkRxdcXuDpEPo7Y531y/view,,,,
2009-04-24,2009-04-24(5)孝德壇訪談,1,,,https://drive.google.com/file/d/1bh2Aj_ZSKlx__WTiD0OYPU1xh0r5pSAu/view,,,
2009-04-30,2009-04-30(4)操辦會議(義德壇三十五週年慶第一次籌備會),1,,,,,https://drive.google.com/file/d/1WjM8-2FaAnpyMkVYac1-YMyS0o1A7rWR/view,
2009-05-02,2009-05-02恩德兩天人才班,1,,,,,https://drive.google.com/file/d/1GAPGOOaKEip0EhTC7-VLBsl3mpm9uBYI/view,
2009-05-14,2009-05-14(4)操辦會議(義德壇三十五週年慶第二次籌備會),1,,,,,https://drive.google.com/file/d/1lygdt-J9wEJu4EveYEVO38IFrxCneeyL/view,
2009-05-24,2009-05-24(0)徐新發點傳師訪談(福山),1,,,https://drive.google.com/file/d/1bbt9MZG0fEhfjsvU_0oYc5a5-21CMUk2/view,,,
2009-05-28,2009-05-28(5)操辦會議(義德壇三十五週年慶第三次籌備會),1,,,,,https://drive.google.com/file/d/1OEMoFDHfHmWutHrx39A4I-9avzATAHnI/view,
2009-05-29,2009-05-29(5)~09-02(3)印尼之行,1,,,https://drive.google.com/file/d/1ehiHHbsVgLyjZaVzo0lVNi3MAGRZMZyA/view,,,
2009-06-04,2009-06-04照片,1,,,https://drive.google.com/file/d/1jwS11fmL7s9RLJxq0RfrsCgJ0ZZ2MJ-z/view,,,
2009-06-07,20090607行愿,1,,,,,https://drive.google.com/file/d/1SciXRRv6Grwg6Cmlro9GqgY50fr4iy37/view,
2009-06-13,2009-06-13~15金剛三天培訓班,1,,https://drive.google.com/file/d/1InnnG196gQX_6gj9jfQ5-8jndJP0O4yl/view,,,,
2009-06-18,2009-06-18(4) Bengawan Solo (棉蘭正心壇學務文書第二次合唱),1,,https://drive.google.com/file/d/1hBVy4owVu9-XbVUvF4Ycfd_YFtdQfQTV/view | https://drive.google.com/file/d/1Lfr0o0_YOWNQ4JVTOxo5YOZV08wez0H5/view | https://drive.google.com/file/d/1waBsyMh6Oio_7TkLATLuq-2H1roYSxdm/view,,,,
2009-06-21,2009-06-21(0)印尼仙達德化宮辦事人員班,3,,https://drive.google.com/file/d/1VamdsTle1mOuRjmw8arhShiDM-i35tVo/view,,,https://drive.google.com/file/d/1zmNkNXhgGAibLRl2uA6l_rx81NGj1vT5/view | https://drive.google.com/file/d/1smfM5b17VgEf_4qGh3gisDWe5uivpl_Y/view,https://drive.google.com/file/d/1aAGCvPBMcDuhglB5dtX_8W9zH4TKNduC/view
2009-06-25,2009-06-25(4)老蔡點傳師慈悲於托巴湖,1,,https://drive.google.com/file/d/1pF4uAskf3js8Sk3QA8WRxlzzHajDc5lY/view,,,,
2009-06-27,2009-06-27(6)~28(0)印尼奇沙蘭聖善壇兩天複習班,2,,,,,https://drive.google.com/file/d/1N8WHVIXPp7VPLXGKSi61u8HVlmGEzzDq/view | https://drive.google.com/file/d/186rXOFnXICnLGJe4QUwPTu0TgSPomF2T/view,https://drive.google.com/file/d/1Xutll7HC__YqtplxK8cQJk-mUuM7mufY/view
2009-06-28,2009-06-28(0)@08-16-13印尼奇沙蘭兩天複習班第二天活佛師尊慈訓,1,,https://drive.google.com/file/d/1ADwBIplmIX5PmOcGThO_VFhsY3LaPcoV/view,,,,
2009-07-02,2009-07-02(4)操辦會議(記錄未完成),1,,,,,https://drive.google.com/file/d/1C-x7hJXeEfRgS_SwItAYFfXGvuBaXyDD/view,
2009-07-03,2009-07-03(5)~05(0)印尼北干月明壇三天法會,2,,,,,https://drive.google.com/file/d/1QJS-_e45UE9IUya_b8yVMRHkFjMKB59j/view | https://drive.google.com/file/d/1NRp5CjR3cbEUXVr4CfgZuegdZY655gdl/view | https://drive.google.com/file/d/1f4UTDjPuNOvj3x99u4hEsf7er_edNcVn/view,https://drive.google.com/file/d/1M2kMsCMeJO4nBTSwarHDwDG8O0dv1dBx/view
2009-07-04,2009-07-04(6)@09-50-15孝道(蔡韶悅點傳師於印尼北干月明壇三天法會第二天),1,,https://drive.google.com/file/d/1kMFNz9ZIxb8UvlEZoPPTG1Gfs0AuFow9/view | https://drive.google.com/file/d/1jGcwjlj4J6Q2E3_hOU23G95TZHhX0W17/view,,,,
2009-07-06,"2009-07-06@13-24-59老蔡點傳師慈悲(手電筒的故事,午餐後於北干月明壇)",1,,https://drive.google.com/file/d/1_raPkOZAgrqoFPjNoli-fQxeOAyfctSc/view | https://drive.google.com/file/d/1_AyL1GGpZzXeTE8LFTZXbdPib42VfTMZ/view | https://drive.google.com/file/d/1ZbIxIjcdta2Qka5arjHIYqJm9F-1zAr_/view,,,,
2009-07-07,2009-07-07(2)@20-30-23老蔡點傳師慈悲大學首章(印尼北干月明壇閏五月十五晚間),1,是,https://drive.google.com/file/d/12cvTk4FHwKgPY1zgr_YrJUVryjxtmuOh/view,,,,
2009-07-07,2009-07-07給可愛徒兒的一封信：仁善慈航,1,是,,,,https://drive.google.com/file/d/1gRvY58x2y4yL_UdZBoV11CBgwINgI7Km/view,
2009-07-09,"2009-07-09(4)@20-24-16老蔡點傳師慈悲(福建話,印尼巴眼儀仁壇三天法會前夕)",1,,https://drive.google.com/file/d/1ohYnWmyWR2_HMCDkRIGJTCaKmQqE4tJV/view,,,,
2009-07-10,2009-07-10(5)~12(0)印尼峇眼亞比儀仁壇三天法會,2,,https://drive.google.com/file/d/1SfBHhOjI1sM7EdYxQs2RbuFIlx9rukHU/view,,,,https://drive.google.com/file/d/1O2o0KeEY8MvtVTcK8Mp9gCYMFkIF48So/view
2009-07-16,2009-07-16(4)操辦會議(三十五週年慶),1,,,,,https://drive.google.com/file/d/1mNYBs1LGHGbCEIk8zwTpoceHORUQJiRV/view,
2009-07-17,2009-07-17~19三峽靈隱寺三天法會,1,,,,,https://drive.google.com/file/d/1ej_WHw7oAnns7iA80Gtl8f9sjfXlz5bv/view,
2009-07-18,2009-07-18(6)~20(1)印尼棉蘭正心壇三天法會,1,,,,,,https://drive.google.com/file/d/1qGUFjlvRPjIN4kPmN_WJZg0gH0v-BuLK/view
2009-07-20,2009-07-20(1)印尼棉蘭正心壇三天法會第三天,1,,https://drive.google.com/file/d/13D-lqSEXU1xedngzgj4oOxvvHThZOyNI/view,,,,
2009-07-22,2009-07-22(3)亞齊壇主座談,1,,https://drive.google.com/file/d/1xSMvu61cu1F8DMAeKeoWe7gFdcQgjxng/view,,,,
2009-07-24,2009-07-24(5)~26(0)印尼民禮育德壇三天法會,1,,,,,,https://drive.google.com/file/d/1nWJhRibc4J1AQA7LdSA7TiDOgbkqifRv/view
2009-07-28,2009-07-28(2)~30(4)印尼棉蘭正心壇三天法會,1,,,,,,https://drive.google.com/file/d/1LB2V_bNgS6pdm0R26y2KmpQLN9jeLEcV/view
2009-07-31,2009-07-31(5)@08-11蔡韶悅點傳師為大陸道親慈悲於印尼棉蘭正心壇(正心壇華語三天法會畢班隔天早上),1,,https://drive.google.com/file/d/1mR7QncWar3MQKMjntessBhXpmBrrccD7/view,,,,
2009-08-15,2009-08-15(6)~17(1)雅加達道務成長營,1,,https://drive.google.com/file/d/1AkLgekr6buukt6oxKs7HB7O-V4t-TEk5/view,,,,
2009-08-20,2009-08-20(4)操辦會議,1,,,,,https://drive.google.com/file/d/1tAJFufvsAfCw7_RSjOR01TOWDIm9Oeb0/view,
2009-08-28,2009-08-28(5)~30(0)印尼加里曼丹道房佛信壇三天法會,1,,,,,,https://drive.google.com/file/d/1ThK28q_9fqu3XxSiztbM-ROPHA-uX86-/view
2009-09-03,2009-09-03(4)操辦會議(義德壇三十五週年慶第四次籌備會),1,,,,,https://drive.google.com/file/d/1I4RJH-f2tKfKFVxb3dD5ih2BdID85_7b/view,
2009-09-17,2009-09-17(4)操辦會議(年終精進班計劃),1,,,,,https://drive.google.com/file/d/1uxdwytBRuOTx7-C6u5Twkjs7yem9oKbF/view,
2009-09-26,2009-09-26(6)經典師資培訓班,1,,https://drive.google.com/file/d/17ZRPnsLAnubLVs2U3jS1wngeB4pARXKU/view,,,,
2009-10-01,2009-10-01(4)峨眉書院道務會議(弘道組會議),1,,,,,https://drive.google.com/file/d/14Gpet-SmD9IxLQC3R2hm-5q9pBXSOV7t/view | https://drive.google.com/file/d/1rzdbILLanQaU9YDloH5AcqGkJs7aKNNv/view,
2009-10-04,2009-10-04靈隱家訓,1,,,,,https://drive.google.com/file/d/1fxJvMvD9g7vM20xYRSd6Jj4JjX4sOze6/view,
2009-10-08,2009-10-08(4)操辦會議(年終精進班、三十五週年慶、講師講員精進計劃),1,,,,,https://drive.google.com/file/d/1ZkgVmlr2yN3Yo0Gj0cuVSoPHtFjfx2jm/view,
2009-10-09,2009-10-09(5)聖恩壇三十週年慶,2,,https://drive.google.com/file/d/1u-kwKGboKaJd1dhKBonY5IJ6_Fx1AjAu/view | https://drive.google.com/file/d/1xxmz2S6kBEe561B9psQcfvAgeot18Cvb/view,https://drive.google.com/file/d/1VZJYJJUt9B_5Lq3o4CKjLYnGDWggBLpO/view,,,
2009-10-12,2009-10-12(1)靈隱寺一天法會,2,,,https://drive.google.com/file/d/1OAvUGH6neZ4h5eCDP3X6CZI0-1jvwLwd/view,,,https://drive.google.com/file/d/1i-q-mRJaewFSdtjOvjUFd0vyJpgDrfpf/view
2009-10-14,2009-10-14(3)~27(2)南非之行,1,,,https://drive.google.com/file/d/12x_tGfukjKFgQlHG7TimSneNmV_oCAFU/view,,,
2009-10-25,2009-10-25(0)聯絡圈,1,,,,,https://drive.google.com/file/d/1HPuqGQAq4j8-JJBYVJb4Vx56xg5uXztj/view,
2009-10-30,2009-10-30~31明真書院二天辦事人員班訓文,1,,,,,https://drive.google.com/file/d/1O4kPwADc4a3tWEJAy_86b122SJRP7BSL/view,
2009-11-05,2009-11-05(4)操辦會議(義德壇三十五週年慶第五次籌備會),1,,,,,https://drive.google.com/file/d/1F_gTXKwUsbJkLmOSOS_I1fMVGI5qOIC_/view,
2009-11-08,2009-11-08(0)聯絡圈,1,,,,,https://drive.google.com/file/d/1wL6coSrQcN5VNkguYy_OeqpRKZCbjk5Y/view,
2009-11-09,2009-11-09(1)文書培訓,1,,,https://drive.google.com/file/d/125hsfL0jX4R_yqlRl5gSIBd9msoJh5gh/view,,,
2009-11-26,2009-11-26(4)操辦會議(義德壇三十五週年慶第六次籌備會),1,,,,,https://drive.google.com/file/d/1uQetCFcwsmcfJpt_N97VEZFQ-jZhXnKH/view,
2009-12-10,2009-12-10(4)操辦會議(義德壇三十五週年慶第七次籌備會),2,,,https://drive.google.com/file/d/15QGal7p-8_We0NaV5N-na-hm2EcvdG7o/view,,https://drive.google.com/file/d/116RoIx7LDwEh1J82ZezStf5G_JBrt0Th/view,
2009-12-13,2009-12-13(0)聯絡圈,1,,,,,https://drive.google.com/file/d/1zHJR_aMeleinn8IPu3ydUixWyCm6zYDj/view,
2009-12-17,2009-12-17(4)道務會議(弘道組會議),1,,,,,https://drive.google.com/file/d/12sa1c9LmAk4Za2B_-pP5eEmep25VWemZ/view,
2009-12-20,2009-12-20(0)道務會議(開荒組會議),2,,https://drive.google.com/file/d/1Sm3bumv0eEn1q6FW6xCEVEVbcXsPhaBY/view,,,https://drive.google.com/file/d/1K_yAk0vuNOfoC8pJNU8kBz5xnJsCWa7v/view,
2009-12-22,2009-12-22(2)道務會議(財務組會議),1,,,,,https://drive.google.com/file/d/1G49U8Nx3lf_4sGCY_kJT3NCjNk4-j_ju/view,
2009-12-24,2009-12-24(4)操辦會議(2010峨眉書院年度計劃),2,,,https://drive.google.com/file/d/1MVpBUiWfuqNgUmmqfXKMI6eqE3pvhJb1/view,,https://drive.google.com/file/d/1hBXTpPh38ptic_PARFCAP76FeKjOa_Z-/view,
2009-12-27,2009-12-27峨眉書院年終精進班：呂大仙慈訓,2,,https://drive.google.com/file/d/1740cN8YDeI0pZT3JTzyOU6HUtb3NWHXd/view,,,https://drive.google.com/file/d/1FLZRv9OL67uSOfFEW3F7cdv4fUFsEqFU/view | https://drive.google.com/file/d/1xDFoetXLOIs4d3fiaOCIu2Nb23FPB9DW/view,
2009-12-28,2009-12-28(1)文書培訓,1,,,https://drive.google.com/file/d/1gVrvfHYInScOMFoJxoIwlbe4tcTDG3l4/view,,,
2010-01-03,2010-01-03至聖先師2560年紀念會：泰國孔聖廟,1,,,https://drive.google.com/file/d/1gzlLvIGTjRkefTTu0z2tjVT9kpl_cNxU/view,,,
2010-01-05,2010-01-05備份於 峨眉書院數位圖書館_1.館藏區_照片_無日期_佛堂_峨嵋書院35週年特刊掃瞄照片,1,,,https://drive.google.com/file/d/1iGHBH12knyL8exbIi0Uwo-ak7wpQ6DgV/view,,,
2010-01-06,2010-01-06(3)操辦會議(2010峨眉書院年度計劃),1,,,,,https://drive.google.com/file/d/1WBBh2QF-6aoxq0aLu_69p1QU7EF4G7gt/view,
2010-01-10,2010-01-10(0)一條金線課題研討：聖恩壇,1,,https://drive.google.com/file/d/1952-BAx0c-Gfw_cXYGyqzJcHdyphw0-B/view,,,,
2010-01-13,2010-01-13(3)操辦會議(2010峨眉書院年度計劃),1,,,,,https://drive.google.com/file/d/1StBVzbq3LgNiFLG9sez3-mRPSisGuAz1/view,
2010-01-17,2010-01-17(0)聯絡圈,1,,,,,https://drive.google.com/file/d/1IFzzvdzg8-uzsBnC_il5_JGi4lR_k_ry/view,
2010-02-03,2010-02-03(3)操辦會議(各組年度計劃),1,,,,,https://drive.google.com/file/d/1hx9tGVC8OFTYFdqvs9IL2X0pZVT-Yrac/view,
2010-02-10,2010-02-10(3)操辦會議(三十八週年慶、新春團拜),1,,,,,https://drive.google.com/file/d/1Q40m5fdc3231fdYg-lMHcIwoSM7NPOr7/view,
2010-02-13,2010-02-13(6)雅加達禮恩佛院除夕,1,,,https://drive.google.com/file/d/1mOnbGOD9oZnZ7A5SGQ4amfco9HRWXnqx/view,,,
2010-02-20,2010-02-20(6)文書伙伴至秀環家(正月初七),1,,,https://drive.google.com/file/d/1ZTZ3-MHAFhZzTq25RhKXX5LAUbfv0iw3/view,,,
2010-02-28,2010-02-28(0)峨眉書院國內外聯合操辦會議,1,,,,,https://drive.google.com/file/d/15raxhUZqUkJeIBzRcVWXWTQYRUrnm-qt/view,
2010-03-03,2010-03-03(3)與譚經理及馮講師出門,1,,,https://drive.google.com/file/d/1Jl_JHf3ja8pfOsKrqCqHsXaj7Q93Q_Pc/view,,,
2010-03-06,2010-03-06(6)戴歆倫及鐘珮云求道,1,,,https://drive.google.com/file/d/1L2TGNlARnncEXTdnRxUD7KevUZuhI5_X/view,,,
2010-03-10,2010-03-10(3)操辦會議(各組年度報告),1,,,,,https://drive.google.com/file/d/1y6SnYC94ioJrWBjDR5z9L3UYdBHAu1Eq/view,
2010-03-13,2010-03-13(6)道務會議(印度開荒),1,,,,,https://drive.google.com/file/d/1e5H8wReFb1aW8E6phGrIjWnAxX1ijaMm/view,
2010-03-14,2010-03-14(0)峨眉書院會議講習,1,,,,,https://drive.google.com/file/d/1PHoROjMxRln5b829m6fPDYtdKox4I06Z/view | https://drive.google.com/file/d/1_G4W4q7meKzpdIJsxG1SGXDlDk3hly24/view,
2010-03-26,2010-03-26 India 3DC Xunwen (Bilingual),1,,,,,https://drive.google.com/file/d/1boTSKT-l3egLHXrJ8BJ1RQlz3sQlVwFI/view,
2010-03-27,2010-03-27(6)~28(0)儒志願行壇主班,1,,,,,,https://drive.google.com/file/d/14OBnAACysuhUStmfHCYoMgQpgxWbmwAZ/view
2010-03-28,2010-03-28(0)峨眉書院基礎研究班操持講習,1,,,,,https://drive.google.com/file/d/1chNLXjb46tTRy5DYJpoTo70wB7TZCyBO/view,
2010-03-29,2010-03-29(1)操辦會議(峨眉書院市區道務中心),1,,,,,https://drive.google.com/file/d/1l8d6YRQ-L5Ka20fH6nt4aqpnhKuCiOje/view,
2010-04-07,2010-04-07(3)操辦會議(三十八週年慶、道務精進班、台語清口班、會議講習檢討),1,,,,,https://drive.google.com/file/d/1MqWpAI2nTDJO1XJHVyAGUF-LY5bYAf0p/view,
2010-04-11,2010-04-11(0)聯絡圈,1,,,,,https://drive.google.com/file/d/15D1T5Aws1JtzuJI3OLGV6rb_GKDJ32uj/view,
2010-04-17,2010-04-17(6)李招名鍾佳欣婚禮,2,,,https://drive.google.com/file/d/1DhEpucL-S66rr_hAxpspnUWnyC9EgCSI/view,https://drive.google.com/file/d/15OhhxbWgGt5m4kBwvyfbof3ZZNFIXnnS/view,,
2010-04-21,2010-04-21(3)操辦會議(道務精進班、台語清口班、研究班檢討),1,,,,,https://drive.google.com/file/d/12-zt6gvsmb3C7jm-e9IO2LqmZyMB-a7o/view,
2010-04-29,2010-04-29(4)方文彬謝美津的家,1,,,https://drive.google.com/file/d/1VkQGck2bN2p9s86xlNPYTZrDUZwIzG9c/view,,,
2010-05-01,2010-05-01(6)~02(0)儒志願行班關聖帝君慈訓,1,,,,,https://drive.google.com/file/d/18NtULWRySQbhAKz-MfNWGcEU_r7cleT0/view,
2010-05-05,2010-05-05(3)操辦會議(如何成為和合道場、台語清口班),1,,,,,https://drive.google.com/file/d/1fWuWatTT1ZkKbjp6JW2n5YzgzYgsOhoZ/view,
2010-05-09,2010-05-09(0)宋秀琴點傳師講述邱秀珠壇主經過,1,,https://drive.google.com/file/d/1jVKVxBS3LmLHDHxFygsq5-xPU4NrCKJb/view,,,,
2010-05-10,2010-05-10(1)道學英語班教材錄音,1,,https://drive.google.com/file/d/1OBenQArAsgS6UEZ0wGeSJ0sYxRaq8FdG/view,,,,
2010-05-16,2010-05-16(0)溫哥華天聖壇研究班,1,,,https://drive.google.com/file/d/1-5qYHrgCESy4Ny5yPzSsWi0XiGR4bTt_/view,,,
2010-05-17,2010-05-17(1)鄧媽媽家晚餐,1,,,https://drive.google.com/file/d/17Bx8g1OUm1l84trj0oKnnZPPYOMRLUFp/view,,,
2010-05-18,2010-05-18(2)溫哥華天聖壇(前往美國),1,,,https://drive.google.com/file/d/1CLQYmxrg7zt0ceEJmLKcBB8AvX9FcGSX/view,,,
2010-05-19,2010-05-19(3)操辦會議(弘道組、協辦組、開荒組報告),1,,,,,https://drive.google.com/file/d/1_TIBcjO3NJo6TFx_uWj5ODA1XaJBKHwS/view,
2010-05-22,2010-05-22(6)溫哥華聖歌比賽,1,,,https://drive.google.com/file/d/1c9NJvtBMYxjH_0YDZL9linZy6k2mYL9q/view,,,
2010-05-23,2010-05-23(0)溫哥華天聖壇研究班,2,,https://drive.google.com/file/d/1J-fKfu-RvgORdaL8cKFIySRHVkkgytrl/view,https://drive.google.com/file/d/1LZ0KvpYJNII67YQqPKqy4qnS7De3OuEl/view,,,
2010-06-15,2010-06-15(2)操辦會議(無會議記錄),1,,,,,https://drive.google.com/file/d/1bg4q53RiuvqXlXMPZPquRdziaS39BqsK/view,
2010-06-22,2010-06-22(2)~2010-09-20(1)印度開荒,1,,,https://drive.google.com/file/d/1ZJuzAhNkHuWiLuCa0aC8Oo6Bz0VJzl0J/view,,,
2010-07-07,2010-07-07(3)策劃會,1,,,,,https://drive.google.com/file/d/1gnLujyDkRIpihQcu7vo8mVksK3q6VGCQ/view,
2010-07-21,2010-07-21(3)操辦會議(年中精進班),1,,,,,https://drive.google.com/file/d/1-KtNDS3ko7hJKAa5GpD84nTC9gNJOyed/view,
2010-07-27,2010-07-27Delhi,1,,,https://drive.google.com/file/d/1O9xFTaGozKy3m87VTSjf3oanHk68V1uv/view,,,
2010-07-31,2010-07-31(6)-08-02(1)印度古加旺正德壇三天法會：The Sally Garden,2,,https://drive.google.com/file/d/1RZ8VegNREUDi7tig1oyuj55FvXLRsosm/view,,,https://drive.google.com/file/d/1SWRIaKDqdmyFgJdR9no6paDq7AztHvTL/view | https://drive.google.com/file/d/1rqk-OyzgJk0ljDmCrKjTplFM589MZv6i/view,
2010-08-01,2010-08-01Varanasi,1,,,https://drive.google.com/file/d/12RQ0ZVe5Q590EAdM8hIB_EWzB7NDq3yC/view,,,
2010-08-04,2010-08-04(3)策劃會,1,,,,,https://drive.google.com/file/d/1nsYnEqn9rjWfWbQgAifMKF1ny3Nmw5Lc/view,
2010-08-07,2010-08-07(6)-08(0)美國奧蘭多仁德佛院儒志願行班,1,,,,,,https://drive.google.com/file/d/1cd1qStths2CxVi6j5fq4ba3SsG1XpD1v/view
2010-08-08,2010-08-08(0)聯絡圈,1,,,,,https://drive.google.com/file/d/1eeDCxxWDEz8DTFbXPJjFJdnTRdGoh5eS/view,
2010-08-10,2010-08-10Taj Mahal,1,,,https://drive.google.com/file/d/1_-aQLuUlalUx2JRKViOjzU2ohE1-sHGC/view,,,
2010-08-15,20100815群育,1,,,,,https://drive.google.com/file/d/1GeVwbhexOheHVSBdrYIVwUnQz8TCURIH/view,
2010-08-18,2010-08-18(3)操辦會議(青年學子、二代壇主成全),1,,,,,https://drive.google.com/file/d/1Pxq214FKyadbLiEZozS4ZLNrV9Zzj2iI/view,
2010-09-08,2010-09-08(3)策劃會,1,,,,,https://drive.google.com/file/d/1u-MdViqfNebJrqsSjeYBxj2zTN27Iv6u/view,
2010-09-23,2010-09-23(4)操辦會議(印度開荒報告),1,,,,,https://drive.google.com/file/d/1LW6GEZeEvu8OzsRcdiKh6QQou3epcwqv/view,
2010-10-01,2010-10-01(5)峨眉書院道務會議(講師會議),1,,,,,https://drive.google.com/file/d/11S9nk_fOaGWjGgEjBvgy4ngjIEBo3mPq/view,
2010-10-06,2010-10-06(3)策劃會,1,,,,,https://drive.google.com/file/d/1w-UINFHXuoy6-Fv2_EW4lREWnE1IR_d1/view,
2010-10-08,2010-10-08(5)~10(0)美國鳳凰城崇智壇三天法會,1,,,,,,https://drive.google.com/file/d/1X3pEoyVpfH5gTXb7R7K2i_nKbDQS3teB/view | https://drive.google.com/file/d/1PpzUAKV6lnw_mJpXOuRVbdm29l5r5OVU/view
2010-10-09,2010-10-09(6)美國鳳凰城崇智壇三天法會第二天濟公活佛白話訓,1,,,,,,https://drive.google.com/file/d/1CJzDFoMMH7fyk5XtbhDxYOa-7xgF8yNO/view | https://drive.google.com/file/d/1TrOEnGgWjwpTDE7B_gNdjx841-j8SGcR/view
2010-10-10,2010-10-10(0)靈隱寺三天法會第三天,2,,,https://drive.google.com/file/d/1Lxtv0D6z7CSKetG6mcbdCrvSeGsOo88i/view,,https://drive.google.com/file/d/1Cqw8bqgr0ipGNL_bIUbMeKrkW35zn1VO/view,
2010-10-20,2010-10-20(3)操辦會議(年終精進班、台語精進班),1,,,,,https://drive.google.com/file/d/1-MsHkq8u5TWQIqg4mILF9hdbhpFp2zSr/view,
2010-10-30,2010-10-30慧慈菩薩成道十週年紀念會企劃案,1,,,,,https://drive.google.com/file/d/1QAHou5canJKTg8dluLRXPUuf-GFK6uxn/view,
2010-11-03,2010-11-03(3)策劃會,1,,,,,https://drive.google.com/file/d/1-hnTFVblk0Bt-xrfstY4oJ69Xz0NTvEZ/view,
2010-11-05,2010-11-05(5)~07(0)台中武聖宮三天法會(有俄羅斯道親參加),1,,,,,,https://drive.google.com/file/d/1qYFISw_4CMUge9wrSf8w6ekJHygwzZTe/view
2010-11-07,20101107思源佛堂,1,,,,,https://drive.google.com/file/d/1eVyzSENRzdJ1yK6UO5KLgKUYnXjEHgRg/view,
2010-11-12,2010-11-12~14美國舊金山天元道院法會,1,,,,,,https://drive.google.com/file/d/1Jc4QZ2Mk9SoS6eW2nSXykS_20pOACXfW/view
2010-11-14,2010-11-14(0)聯絡圈,1,,,,,https://drive.google.com/file/d/1MND9dMgaK3rsNcJnkwiBy29hWJIVIH65/view,
2010-11-17,2010-11-17(3)操辦會議(三十八週年慶),1,,,,,https://drive.google.com/file/d/1Vy00isOzpadoFOM3EFj0-Rwt0xuMODB8/view,
2010-11-21,2010-11-21(0)天元道院廿五週年慶典,1,,,,https://drive.google.com/file/d/1OUCW1OWtdvF06JWAucwdmvhECW2ovI-2/view,,
2010-11-25,2010-11-25(4)道務會議(三十八週年慶籌備),1,,,,,https://drive.google.com/file/d/10VyLWHJ-Tw28nyRqEdaGD8HtlyO1kwzR/view,
2010-11-27,2010-11-27(6)台藝大明儒伙食團成立,1,,,https://drive.google.com/file/d/1lM3-4p226VornR2ITkEQEkZG637HizZH/view,,,
2010-11-28,2010-11-28(0)郭哲伶文定之喜,1,,,https://drive.google.com/file/d/1JuGJuyo0SxMzNh_yKZsuIq6cih2TfdhG/view,,,
2010-12-08,2010-12-08(3)策劃會,1,,,,,https://drive.google.com/file/d/17nKcnqb_6Jcc7r1R0qF8ihKrIEiRuezR/view,
2010-12-10,2010-12-10天元道院二十五週年,1,,,https://drive.google.com/file/d/11Bkmv6E-TAWk-dpUr_5SOKx67eeMsyq1/view,,,
2010-12-12,2010-12-12(0)聯絡圈,1,,,,,https://drive.google.com/file/d/1Xk-2h2Wp2Cfc6zl4C24JnvDcxB1PnQhm/view,
2010-12-19,2010-12-19(0)峨眉書院年終檢討精進班,1,,https://drive.google.com/file/d/15aKnROfOu52WJIKGgTpoFi5Z4pYGij9R/view,,,,
2010-12-22,2010-12-22(3)操辦會議(三十八週年慶籌備),1,,,,,https://drive.google.com/file/d/1cTTQ8aL4lD3V6DOZRFeUFoAqIgAZ8mH3/view,
2010-12-24,2010-12-24(5)峨眉風光(蔡明易),1,,,https://drive.google.com/file/d/1VLK_NMEF1bhBy8Q0bW_cScNARl7WdO_P/view,,,
2010-12-30,2010-12-30(4)峨眉風光,2,,,https://drive.google.com/file/d/1nTXUYfOiPfd_sYZZoL-59ZQI1kVzsEkX/view,https://drive.google.com/file/d/1HryVFxciowsECgh2I3W-egbx3Q94SZpD/view,,
2011-01-05,2011-01-05(3)策劃會,1,,,,,https://drive.google.com/file/d/1_iKqTkpsN8SHvd-zTArp6ud0oMsWR6yn/view,
2011-01-23,2011-01-23(0)峨眉書院義德壇三十八週年慶：義風遠颺,4,,,https://drive.google.com/file/d/16bBwIMac17aQixSKtQqM6O_jCvYgMbjj/view | https://drive.google.com/file/d/1FHJKRve7Xt_t3XB6Rgum8pdpycy_md-m/view,https://drive.google.com/file/d/1eqpqVOMhvtwnr6XagiYrJkmVmYrvXvRn/view,https://drive.google.com/file/d/116MmFgnHHMDAG-GrF1M3XD_70y4aD_Zg/view | https://drive.google.com/file/d/1dqyVN0-l83NEIUCLI4tNhSs4ffjSoDao/view,https://drive.google.com/file/d/1UefoBTzeHcM7pO5POVZ2f2VPr64Jlig9/view | https://drive.google.com/file/d/1SwgwcJiFLyLbgtk7BWHuvMFfGXBaP3Yz/view | https://drive.google.com/file/d/1xkfkl1izKYEyJ_WvdK6XpCUFIxW-m2HI/view
2011-01-26,2011-01-26(3)操辦會議(國內外聯合操辦會議、基礎研究班、佛規禮節實務班),1,,,,,https://drive.google.com/file/d/1CSgprVGQ388MJRh53zGloI2Ol6jCm2h0/view,
2011-02-03,2011-02-03(4)峨眉書院：春節,1,,,https://drive.google.com/file/d/1lyvF0a9i-4hbIrqus4KSkeouZwkL23xE/view,,,
2011-02-07,2011-02-07(1)峨眉書院新春團拜,1,,,,,https://drive.google.com/file/d/1N8VUiFw2wdMuM4QpS-bQWJrs-hKkYQh2/view,
2011-02-14,2011-02-14(1)國內外聯合操辦會議,1,,,,,https://drive.google.com/file/d/1detUpWm2ynCggnao96momKg-viwEgj5C/view,
2011-02-21,2011-02-21(1)開荒組會議(2011年度海外支援),1,,,,,https://drive.google.com/file/d/1s0druO7zjyvdQOUsnYLUaDs2RNEQnfq3/view,
2011-02-22,2011-02-22(2)道務會議(峨眉書院市區道務中心),1,,,,,https://drive.google.com/file/d/1rixCrtOIOjq0yyxx6QPXpEkw3mfPEOsk/view,
2011-02-23,2011-02-23(3)操辦會議(弘道組，青年道務中心),1,,,,,https://drive.google.com/file/d/1vnu5Euq3sPRNc10c9WRemlp-wjbTr4gX/view,
2011-03-09,2011-03-09(3)開荒組會議(印尼坤甸真智佛堂落成典禮),1,,,,,https://drive.google.com/file/d/1mzD50CS12mDjin9-yDipNJfm3-UqKOuj/view,
2011-03-13,2011-03-13(0)聯絡圈,1,,,,,https://drive.google.com/file/d/1Fszngx7_GEaVvHW08d4AIfhczUgzvlQd/view,
2011-03-14,2011-03-14蔡寶奼講師相簿掃描,1,,,https://drive.google.com/file/d/1rKqJlb_Pm79_Q5k35rdvXodIx1nLFsUP/view,,,
2011-03-15,2011-03-15(2)策劃會(市區道務中心),1,,,,,https://drive.google.com/file/d/1EY4DqSHYIy2al0bWyF4k6sucbA-4nNaz/view,
2011-03-16,2011-03-16(3)印度：慈愿壇：抵達印度的隔天早上,1,,,https://drive.google.com/file/d/1Vb2J3zr4-MTjuvVQyhcHjCYG3dMVTtJ1/view,,,
2011-03-23,2011-03-23(3)操辦會議,1,,,,,https://drive.google.com/file/d/1fHA48JX_Sy0nj68txHWK1ZI4tal8OzXC/view,
2011-03-26,2011-03-26~27道挽劫難：發一崇德、發一天元、發一靈隱彙整,2,,,https://drive.google.com/file/d/1yzR6_4cJdoL-KVhoT2NFmsFsB0_1uIV9/view,,https://drive.google.com/file/d/10qixwOrMO0oahG0juBl8hlQ_rQSmNMxu/view,
2011-03-27,2011-03-27(0)印度：慈愿壇：合照,1,,,https://drive.google.com/file/d/1em2de5drO_Onf2HJCX7YIf55C5aEi6Ed/view,,,
2011-03-28,2011-03-28(1)印度：慈愿壇：洗水塔,1,,,https://drive.google.com/file/d/1yhkqOf1XT-wgpHc79KuKXAinGsIdV2g1/view,,,
2011-03-29,2011-03-29(2)印度：慈愿壇：洗水塔,1,,,https://drive.google.com/file/d/1s1b6zsodWFh0N5-NFqEsCYqy-DDrfxOL/view,,,
2011-04-01,2011-04-01(5)~03(0)印度古加旺正德壇三天法會,2,,,https://drive.google.com/file/d/1qKfGOgLvbJ5covuhVKtka285qQIEBRVL/view,,https://drive.google.com/file/d/1ierAvh3mNu2k2IV4SGo4RRsR_FxLp9HW/view,
2011-04-02,2011-04-02(6)印度新德里正德壇三天法會：第二天,1,,,https://drive.google.com/file/d/1gucbGT0FFzz05yDQPGryD1djJLtoYmGk/view,,,
2011-04-03,2011-04-03(0)印度新德里正德壇三天法會：第三天,1,,,https://drive.google.com/file/d/1ZFX8hNyuTbNKSn33kR4y_Jh57hSUh0rs/view,,,
2011-04-04,2011-04-04(1)印度：慈愿壇：鄰居的兒子生日歌會：錄影,2,,,https://drive.google.com/file/d/1jFjV9Er-vJ8UfU2fsNGu0kN5C1Ebk6Ak/view,https://drive.google.com/file/d/1q5l8I7ml_S9KmL3EAGTnmBBhaAtapovW/view,,
2011-04-06,2011-04-06(3)策劃會,1,,,,,https://drive.google.com/file/d/1Fp87Lkb5_kqhpxuTJ81ds3u3um_CLtTz/view,
2011-04-10,2011-04-10(0)聯絡圈,1,,,,,https://drive.google.com/file/d/1aty7N-sJOFbFKr0f_4QOha19_sZIkNmk/view,
2011-04-11,2011-04-11(1)新德里：新德里大學,1,,,https://drive.google.com/file/d/17y_uuHko1Vnjn6fIG97FjlWh5CjGa-Kf/view,,,
2011-04-13,2011-04-13(3)諾威達：阿修壇,1,,,https://drive.google.com/file/d/1r6JSGVAAskG8MlQNZMXrMY4oKMyQPWXZ/view,,,
2011-04-18,2011-04-18(1)新德里：錫克教寺廟：邦加拉寺,1,,,https://drive.google.com/file/d/1ivDMmA0RSev-qP7aFwdqlRmsgtruV3Y_/view,,,
2011-04-19,2011-04-19(2)貝羅果,1,,,https://drive.google.com/file/d/1clDGss62PjxzEKRWi-CdIVQCQ620uvfr/view,,,
2011-04-21,2011-04-21(4)書桌,1,,,https://drive.google.com/file/d/1NYQYD0_I7Y0KEu1yCmzDab3duuAXSHfG/view,,,
2011-04-22,2011-04-22(3)操辦會議,1,,,,,https://drive.google.com/file/d/17thu-eR_BGFJ0KNe00lXQu2T6ZtmjdC1/view,
2011-05-05,2011-05-05(4)~13(5)恒河巡禮,1,,,https://drive.google.com/file/d/1aOzTBLK9Rn1KJdabxuk64v5Hwsgin6gV/view,,,
2011-05-18,2011-05-18(3)戈壁矯漢表妹的婚禮,2,,,https://drive.google.com/file/d/1EWdRrlkGCmV4BNW7GmCfHLdmF26Xq814/view,,https://drive.google.com/file/d/1DqziFqsTCPMoAVafeVDFCHvAjd9XWy4I/view,
2011-05-22,2011-05-22(0)許經理到阿瓦爾(Alwar)辦道,1,,,https://drive.google.com/file/d/18vULOYU6-Ke7AH4u4GAx0dqgeHChuVso/view,,,
2011-05-31,2011-05-31(2)屋頂上的裂痕,1,,,https://drive.google.com/file/d/1j0JhW1fyD6wAT_XFNYnfRujQbtlac9Pv/view,,,
2011-06-01,2011-06-01(3)新求道人名單,1,,,https://drive.google.com/file/d/1YpupwUnFHwB9UqoB9DTaoMN6eYUm3JAn/view,,,
2011-06-04,2011-06-04(6)房租續約的那一天,1,,,https://drive.google.com/file/d/1ug3NOVMPqPuhMTiNKa5dlojRZio5iK4Y/view,,,
2011-06-08,2011-06-08(3)策劃會,1,,,,,https://drive.google.com/file/d/1Cf9kRF3oXbRV35Wjz0Hc4TucIzVn9D-W/view,
2011-06-10,2011-06-10(5)德里到拉吉布拉,1,,,https://drive.google.com/file/d/1y1N9dyDzaCuYGmcuzLMlSvz6lVah3__K/view,,,
2011-06-11,"2011-06-11(6)佳麗女神廟Kali Devi Mandir, Patiala",1,,,https://drive.google.com/file/d/1sISNwCLqKKSsUPv8fIhMJ3PSvJuHLUjl/view,,,
2011-06-15,2011-06-15(3)~16(4)世紀月蝕,1,,,https://drive.google.com/file/d/1ET-Yhr6Ni4FAD40EMQtEg17LqOnGp472/view,,,
2011-06-18,2011-06-18(6)~19(0)莫瓦納之行,1,,,https://drive.google.com/file/d/1zhXsIOPnpG5Q6DuyJWZX9KldNP_b_JLD/view,,,
2011-06-20,2011-06-20(1)與Vipul合照,1,,,https://drive.google.com/file/d/1VU7hWE-g87_aepxprITMxR4N656ezgvV/view,,,
2011-06-22,2011-06-22(3)操辦會議,1,,,,,https://drive.google.com/file/d/1Nr929Zl2aN84UpA-krt2MGl3sAL3_ygL/view,
2011-06-26,2011-06-26(0)靈隱寺一天辦事人員班,1,,,,,,https://drive.google.com/file/d/1unEz1eOzx90PHHz09g9tlnc48SXuRBmK/view
2011-06-27,2011-06-27(1)峨眉公司註冊所在地,1,,,https://drive.google.com/file/d/1kOPsPBAEqpWrI3U42FQi6BhuA5WcRTZJ/view,,,
2011-07-06,2011-07-06(3)策劃會,1,,,,,https://drive.google.com/file/d/1tj0cfuKQ5QrYAQ0NjPj2STMaBiDBIOPk/view,
2011-07-09,2011-07-09-07-10少年育樂營,1,,,https://drive.google.com/file/d/1IgJWdKc184_x0YjDw9Go4Km2pseoRoiB/view,,,
2011-07-10,2011-07-10(0)聯絡圈,1,,,,,https://drive.google.com/file/d/1R3ZBhSlFplJSEQZIXB_Yg0kgFA35SW9L/view,
2011-07-20,2011-07-20(3)操辦會議,1,,,,,https://drive.google.com/file/d/1v0O3K7gu93zE2VaFXxxpG5pfVK7Zz-e3/view,
2011-08-03,2011-08-03(3)策劃會,1,,,,,https://drive.google.com/file/d/1M79TeLQmdC-4Gm00s96_cDVogs4wNVgW/view,
2011-08-17,2011-08-17(3)操辦會議,1,,,,,https://drive.google.com/file/d/1fHmLPa3qL2uT3w5nCl7TpBfFBY91xnqH/view,
2011-08-21,2011-08-21(0)聯絡圈,1,,,,,https://drive.google.com/file/d/1-ZsKL_A-cbmDj_CSiRKSmWL_7eaUCZoA/view,
2011-08-26,2011-08-26(5)真智儒院：佛像抵達,1,,,https://drive.google.com/file/d/1gJbbj4Q5YEnufl4gFBaq5JXyJmjxcU6K/view,,,
2011-08-28,2011-08-28(0)真智儒院：佈置,1,,,https://drive.google.com/file/d/11t_z2YqqvZhlxAAEnxPw_w37hLS0XuDu/view,,,
2011-08-29,2011-08-29(1)~31(3)印尼坤甸真智儒院三天法會,1,,,,,,https://drive.google.com/file/d/13aJU1vODtE9zlIM32RK8AstDfdqR0uZz/view
2011-08-31,2011-08-31(3)坤甸真智儒院三天法會：第三天,1,,,https://drive.google.com/file/d/1DtbxvWHU0r8-fGCz92z56KeXCtrCut9Z/view,,,
2011-09-01,2011-09-01(4)坤甸義正壇、山口洋道岸壇,1,,,https://drive.google.com/file/d/1FJsNuVP8Klb3FxSSIYMH5Z6Om_7P5cZp/view,,,
2011-09-02,2011-09-02(5)~04(0)印尼山口洋道岸佛堂客語三天法會：蔡明杰支援,1,,,,,,https://drive.google.com/file/d/1k8ZpzPdKAWutBYlu4h8eHIBt2Sqf10F7/view
2011-09-04,2011-09-04(0)山口洋道岸佛堂三天法會畢班,1,,,https://drive.google.com/file/d/1Way9GPDTmHAAqJmFpBbxwbcZ36AWf-Lg/view,,,
2011-09-05,2011-09-05(1)印尼雅加達汎愛佛堂,1,,,https://drive.google.com/file/d/1eVtFCVLxQVec1eazJBQb-z9GX8AHotCY/view,,,
2011-09-06,2011-09-06(2)印尼雅加達機場：蔡明杰回台灣,1,,,https://drive.google.com/file/d/18znQNL11H7p3BkRUfvCAXY-m5WnjNTOA/view,,,
2011-09-10,2011-09-10(6)桃園國際機場：宋經理等人前往印度,1,,,https://drive.google.com/file/d/1nzstnp4z9tcCoyIz-8-bomV74_s-zNl6/view,,,
2011-09-11,2011-09-11(0)聯絡圈,1,,,,,https://drive.google.com/file/d/1M9DWzBhIwhoC7oUntd3gYhyZ2f8s3wkN/view,
2011-10-08,2011-10-08(6)靈隱寺朝聖：國外前賢蒞臨,1,,,https://drive.google.com/file/d/1uiWs3FveS9WN5ifCP_ArDfLfoanB0xib/view,,,
2011-10-09,2011-10-09(0)靈隱寺朝聖：靈化菩薩成道廿週年紀念會,2,,,https://drive.google.com/file/d/1Hy_L1_Y8CTBLlx_Bwtr4nXWLRIXYmZnC/view | https://drive.google.com/file/d/1R_AQSIA6GUjHLquNkPOErA5IaR-9MDgf/view,https://drive.google.com/file/d/1HCaO4Yf3T-8FzaKoN179WMMx12XXgQ3g/view,,
2011-10-12,2011-10-12(3)靈隱寺國外一天人才班：大禮堂,2,,,,,https://drive.google.com/file/d/1qtD6p62JYB29d3qqULmjh32WpuPYwQ92/view,https://drive.google.com/file/d/1Jfu3Wy98kvhGTimrwDeB8YWqe49HVyvg/view | https://drive.google.com/file/d/1do54o_v5mI0GdS6HKMLllNvDZQMcxCK7/view
2011-10-13,2011-10-13(4)靈隱寺朝聖：朝聖之旅：靈隱寺集合、崇德佛院、天元佛院、武聖宮,1,,,https://drive.google.com/file/d/10W5J_HXdgf3FzxDBcQ61BBtYe4Vb-Xtv/view,,,
2011-10-14,2011-10-14(5)靈隱寺朝聖：朝聖之旅：武聖宮、天元佛院、回程,1,,,https://drive.google.com/file/d/1u4P6H7i9ZNkW8cjyiNpfEylUXbz2cmi3/view,,,
2011-10-15,2011-10-15(6)靈隱寺朝聖：2011年靈隱寺世界慈化青年交流會,1,,,https://drive.google.com/file/d/1gSN9nGoMQgorIv2EXQaQEmINjZA_fY8E/view | https://drive.google.com/file/d/1ZXTLpnJhFPFK8ZT5Xigfg7DFIAsOmG17/view,,,
2011-10-16,2011-10-16(0)靈隱寺朝聖：2011年靈隱寺成年禮,1,,,https://drive.google.com/file/d/110p6rGEeIBiIxpe1dJVo7NnygDNO55qy/view,,,
2011-10-22,20111022恩仁佛堂,1,,,,,https://drive.google.com/file/d/15a-Ul_auAhAGyfURWnPGe_gyHDj-h84W/view,
2011-11-02,2011-11-02(3)策劃會,1,,,,,https://drive.google.com/file/d/15OtwnjwpCEU1l0VNENtD9IlkbKAD45l3/view,
2011-11-13,2011-11-13(0)印度古加旺正德書院落成,1,,,,,https://drive.google.com/file/d/1wO0WohXTf4piy7mD2P3cxZ3Mobm3KBDd/view | https://drive.google.com/file/d/1JSrQNGL2V-_7hnV_u1T-NSPMi1zkOeJE/view | https://drive.google.com/file/d/1XXingQ7275V3tNYmAV7XhpIhr-kJ1iAr/view,
2011-11-14,2011-11-14(1)印度古加旺正德書院壇主辦事人員班,1,,,,,https://drive.google.com/file/d/1KqrIIP4xuBbXqL1EUO9eO7sfyg1px2on/view | https://drive.google.com/file/d/1DqOR1y__vB3IFZPL2UerMlHmKVL93NZ8/view,
2011-11-18,2011-11-18(5)~20(0)印度古加旺正德書院三天法會,1,,,,,https://drive.google.com/file/d/1qRJTzJ7-GXHXmu8po7Uj7x8ouC40GLmk/view | https://drive.google.com/file/d/1O9UVPxgtWTXsuIMkBOTK_9CZli3xLHjA/view,
2011-11-20,2011-11-20(0)真智儒院落成(2011-08-28),1,,,,,https://drive.google.com/file/d/1UGg1GnZJLXNHYi6fP-rWnOWakHtTNjr3/view,
2011-11-30,2011-11-30(3)操辦會議,1,,,,,https://drive.google.com/file/d/18QTVC3Hqa6jl-RfzNOnK3mn241GHwGiS/view,
2011-12-07,2011-12-07(3)策劃會,1,,,,,https://drive.google.com/file/d/1h5hKFmompLDJRexgK_ocALDBPXwZ8VVt/view,
2011-12-16,2011-12-16(5)峨眉書院文書組會議記錄：法會文書人員安排,1,,,,,,https://drive.google.com/file/d/1_JXOgDlq5GQLSK_Jrxq8UDqYjCt5XHFx/view
2011-12-21,2011-12-21(3)操辦會議：年度行程,1,,,,,https://drive.google.com/file/d/1I6OtIY9XPOztZQeq8tz_UOQY4_smv8UV/view,
2012-01-04,2012-01-04(3)峨眉書院聯絡圈：聖恩壇,2,,,https://drive.google.com/file/d/17DXvrksp7BiBQuSHcqcFKJXmumMUganm/view,,https://drive.google.com/file/d/12NVCKSh1eo44eK_Oowt_pUd-WoUP0FLH/view,
2012-01-08,2012-01-08峨眉書院年終檢討班,1,,,,,https://drive.google.com/file/d/1mnvKG33tL0y2vT8OVr71hH5ryBWnOTXc/view,
2012-01-11,2012-01-11(3)操辦會議,1,,,,,https://drive.google.com/file/d/1a24q3KQp-uPKfNTsw438zXSMwDLF3jrh/view,
2012-01-17,2012-01-17(2)峨眉書院年終精進班仙佛慈訓宣達,1,,,,,https://drive.google.com/file/d/1u1DNm2toDW1wpvjMqOavUGI9GQQF2EoT/view,
2012-01-18,2012-01-18(3)操辦會議,1,,,,,https://drive.google.com/file/d/1gkH7dOE1JqJiTem2YLPC9WQKMTcrmkdH/view,
2012-01-25,2012-01-25(3)~27(5)峨眉書院初三至五集聚商計齊叩省矚,1,,,,,https://drive.google.com/file/d/1g1LumI5hY9aFNJtdq_rnXfRcUq4O12HE/view,
2012-02-08,2012-02-08(3)策劃會,1,,,,,https://drive.google.com/file/d/1k1_DoNxI7res0IbhlEiUyoBgPp-roNW-/view,
2012-02-10,2012-02-10(5)策劃會,1,,,,,https://drive.google.com/file/d/149rWFgpKExNLlZG1117E6emqChaeb0_Z/view,
2012-02-22,2012-02-22(3)操辦會議,1,,,,,https://drive.google.com/file/d/1p_2v15M8SVP5tYikG0218wkW72zNWSJ1/view,
2012-03-05,2012-03-05(1)龍潭勘地,1,,,https://drive.google.com/file/d/1DlwZ5G1QbgMAM7PcXYv5PnXYSntexY7N/view,,,
2012-03-07,2012-03-07(3)策劃會,1,,,,,https://drive.google.com/file/d/1AnAYgF3-X9DS9myquPUmEbgDdFIKtDWy/view,
2012-03-11,2012-03-11(0)聯絡圈,1,,,,,https://drive.google.com/file/d/1Ws1W1BDjSjt6npWezBPZLevz7JnHNeVV/view,
2012-03-21,2012-03-21(3)操辦會議,1,,,,,https://drive.google.com/file/d/1xhdMYwlpTBB8cYDVwNIloWyuj9KK1sIs/view,
2012-03-26,2012-03-26(1)~29(4)孟買之行,1,,,https://drive.google.com/file/d/19FTZm_b6zRIy8dH2-gl_XKjajdv0jYWa/view,,,
2012-03-30,2012-03-30(5)新德里天誠壇：鄭伊評、吳佩蓉抵印首日,1,,,https://drive.google.com/file/d/1QdbOgVko0ScfYLDRWy-lM0FrYQPQJUXX/view | https://drive.google.com/file/d/1C3t-w-KbxNYAmcrvDB2kOiWMuq1sdoTD/view,,,
2012-03-31,2012-03-31(6)新德里捷運,1,,,https://drive.google.com/file/d/1LP1TRs1pDPheOr3smTmrldtD7kROvty-/view,,,
2012-04-05,2012-04-05(3)策劃會,1,,,,,https://drive.google.com/file/d/1i2BvJd7aNRvGFQtqkWe7ejzQFzYbH5sq/view,
2012-04-06,2012-04-06(5)新德里天誠壇：拜訪房東,1,,,https://drive.google.com/file/d/1iy7kn_AWtLDySujxj1uGsQqerRqacEcc/view,,,
2012-04-11,2012-04-11(3)關於誦經迴向：蘇樹宗講師,1,,https://drive.google.com/file/d/15YdiyJZbr3q7-0-ZWch9uIGGtSG5aDP6/view,,,,
2012-04-12,2012-04-12(4)拜訪英迪拉甘地國立開放大學,1,,,https://drive.google.com/file/d/1OT1GFbM2TSltUtN2s3FPaXF0oMY3yKBt/view,,,
2012-04-13,2012-04-13(5)新德里天誠壇：辦道、樂道壇前賢來慈愿壇,1,,,https://drive.google.com/file/d/1jOuAq1k7HoQITJeWvKX8iB0T11DhiWSS/view | https://drive.google.com/file/d/1wP8E1_IHxGqFiJl_KWNcbZpAL7aL8WoQ/view,,,
2012-04-14,2012-04-14(6)八德市樂道壇：辦道,1,,,https://drive.google.com/file/d/16jEsCr_DZUh4-vECdL3lqjlSPzBrq8pj/view,,,
2012-04-18,2012-04-18(3)操辦會議,1,,,,,https://drive.google.com/file/d/1xhSyXgDBN4tNPUihhP3CnGfUD6K1T_Fj/view,
2012-04-25,2012-04-25(3)~27(5)阿格拉、齋浦爾三日之旅,1,,,https://drive.google.com/file/d/1NKxeLNUMiHL14mHNPiMsmAxGO3H0wG4x/view,,,
2012-04-28,2012-04-28(6)新德里天誠壇：半天法會,1,,,https://drive.google.com/file/d/1euOmJKVEHm3Yl5h0DqaDFBSUksE77fGt/view,,,
2012-04-30,2012-04-30(1)新德里天誠壇：普南先生及其叔叔求道,1,,,https://drive.google.com/file/d/1yNRDZYOdxUzNOm2-7wCUa_mvsDW2gWVH/view,,,
2012-05-02,2012-05-02(3)策劃會,1,,,,,https://drive.google.com/file/d/1KKVNjcbG1213-vj7-AFOKppsk0GeSUhl/view,
2012-05-06,2012-05-06(0)聖恩道育班,1,,,https://drive.google.com/file/d/1h7ASQ8ojjS2owD2U-ezDNv8sm5tLCl9O/view,,,
2012-05-07,20120507-2010年儒志愿行班注釋內頁-調整,1,,,,,https://drive.google.com/file/d/15unoNpNFJsrhb9W7OMyti3sIqm3unuoY/view,
2012-05-14,2012-05-14(1)慈愿壇：佛聯裝框,1,,,https://drive.google.com/file/d/10QQX3k0EsEA2ysKYk0rmXWufopO_uHAj/view,,,
2012-05-18,2012-05-18(5)慈愿壇：黎明、白雅文、迪白來訪,1,,,https://drive.google.com/file/d/1_soYUEqkLdHjNK3fSp_AFWZFzRUmgnzi/view,,,
2012-05-26,2012-05-26(6)拜訪白雅文,1,,,https://drive.google.com/file/d/1MeQDVEmaxZyWhydBYHvHdjx3pfZB0QkZ/view,,,
2012-05-27,2012-05-27(0)聖人來訪,1,,,https://drive.google.com/file/d/1VlAeGOgP2V3_R6IVuOnzqARcH2JvP_MR/view | https://drive.google.com/file/d/1QIUuqkYJnh8gQYU2-sVB-fHoxzKKAKpi/view,,,
2012-05-29,2012-05-29(2)普珍求道,1,,,https://drive.google.com/file/d/1_FJsWkH8qmKBtfIvUZAJ4SoN2wiPn8pY/view,,,
2012-06-03,2012-06-03(0)聖恩道育班,1,,,https://drive.google.com/file/d/1GCrBb46U0W9zASFr-jskfJD0iP55_hLm/view,,,
2012-06-09,2012-06-09(6)蓮花寺、ISCON,1,,,https://drive.google.com/file/d/1oc9mBIVyxUcKK9EeIfzG293M0ElhGtIz/view,,,
2012-06-10,2012-06-10(0)樂道壇：伊莎的家,2,,,https://drive.google.com/file/d/16lmU-7n768Kzr3GXLHF_OFhv28O9DQo5/view,,https://drive.google.com/file/d/1ZAJAAhSKXcwFkXkdkeVgzgJgmolE9byh/view,
2012-06-12,2012-06-12(2)軍官來訪,1,,,https://drive.google.com/file/d/1lnA0K8hPEVhIPtdQAwftaowX809NheX8/view,,,
2012-06-14,2012-06-14(4)劉正德、陳敏慧抵達慈愿壇,1,,,https://drive.google.com/file/d/1GxzlfAFG-4kues2J0q-DpSwoqsC4q4cN/view,,,
2012-06-15,2012-06-15(5)劉正德、陳敏慧抵達慈愿壇隔天早上,1,,,https://drive.google.com/file/d/1AmwL6RSReEyMM6-9ZjXa6rDiIIFZ8ApR/view,,,
2012-06-16,2012-06-16(6)舞莎的生日歌會：生日是06-13,1,,,https://drive.google.com/file/d/1l6Tm_8KN1-MJuPFYaci-o2a_4BnSy89T/view,,,
2012-06-17,2012-06-17(0)斯內哈母女來訪,1,,,https://drive.google.com/file/d/1HRHTpG1cUUCRi6pomELcWAod73j1hyCT/view,,,
2012-06-18,2012-06-18澳洲墨爾本慈合壇開壇訓,1,,,,,https://drive.google.com/file/d/17MfhB9rND0qIc20jOnFWL4Y23yBqtQqy/view,
2012-06-21,2012-06-21(4)操辦會議,1,,,,,https://drive.google.com/file/d/1H64aV3SwL_qSi8jjw5__UNzBt7_GQycz/view,
2012-07-04,2012-07-04(3)靈隱寺點傳師會議,1,,,,,https://drive.google.com/file/d/1JzOO8PHtKCSN_83BlZFn81lexe0wWWVj/view | https://drive.google.com/file/d/1YJM429QktOnPQ_dNsJk6NLEbV4EwhHua/view,
2012-07-07,2012-07-07(6)-08(0)峨眉青年班,2,,https://drive.google.com/file/d/1ZjNj2kx9q6q1ps2885znM4iMGAY6LozM/view,https://drive.google.com/file/d/1sTVlXd67LsE68aCki0j7tz5l-flp--ld/view,,,
2012-07-22,2012-07-22(0)峨眉小天使班培訓,1,,,https://drive.google.com/file/d/19i_QdLFaHWrYuihju7e1OXWYMHuWjIAZ/view,,,
2012-07-28,2012-07-28(6)~29(0)峨眉書院道務重整班,1,,,,,https://drive.google.com/file/d/1F1cPEyWGrpIZsIurkbKuZjIBUuYBbJHU/view,
2012-08-05,2012-08-05(0)峨眉全家福班,1,,https://drive.google.com/file/d/1fTzNS1ELP5lHtMAY2Fg6xKCcA8TvGcKD/view,,,,
2012-08-08,2012-08-08(3)策劃會,1,,,,,https://drive.google.com/file/d/12VLqaISIQctiL0LSItGzdU6kiOesBJOR/view,
2012-08-12,2012-08-12(0)聯絡圈,1,,,,,https://drive.google.com/file/d/1Rw6RsBKRKXuh2iCpin8kiGYmUjUeJOO7/view,
2012-08-18,2012-08-18-20印尼真智儒院三天法會,1,,,,,https://drive.google.com/file/d/1ASBM6VJRDGn_FEfMe7ri_xdDi0gtGWcp/view,
2012-08-19,2012-08-19印尼真智儒院三天法會：濟公活佛臨壇,1,,https://drive.google.com/file/d/1LJGwfsEPrbAfZpUJ-M7J50rj391Gw4th/view,,,,
2012-08-20,2012-08-20-22印尼三口洋三天班,1,,,,,https://drive.google.com/file/d/1uJ4Exyu-Sb-BsYjnsXLPGbthja4zKd4B/view,
2012-08-22,2012-08-22(3)操辦會議,1,,,,,https://drive.google.com/file/d/1YgfD_nTH3kYOmG7irRi54TkICxGaDXED/view,
2012-09-05,2012-09-05(3)策劃會,1,,,,,https://drive.google.com/file/d/1FMby9_XQPGgn60Ld8lUf9Ac_DZCOGrBw/view,
2012-09-08,2012-09-08(6)道務重整會議,1,,,,,https://drive.google.com/file/d/1MopN7ZgQVj1xyuGt8QZM4em9DJXl5GWz/view,
2012-09-09,2012-09-09(0)峨眉書院文書組：會議記錄培訓,2,,https://drive.google.com/file/d/1DPPJsSQUQ7Xj4DdjsJP0BJLcqRLcixla/view,https://drive.google.com/file/d/1dAFg7Tt_rmiuAu5bqRY7JnOqQEiH1c0f/view,,,
2012-09-14,2012-09-14(5)~16(0)印度：古加旺：正德書院：三天法會,1,,,,,https://drive.google.com/file/d/1z_vww9maoCcde6r9CKc4XVtZ4fOGvRII/view | https://drive.google.com/file/d/1pK-m-4nR4zoRzhiQFJq94isksW6X6Sus/view,
2012-09-17,2012-09-17(1)印度：古加旺：正德書院：辦事人員班,1,,,,,https://drive.google.com/file/d/1aH0npv_Q9p3zsGhoPXFa011HTkPffOKb/view | https://drive.google.com/file/d/176495saRQqcAdOGzMkGRpqpB7bWaKN0O/view,
2012-09-18,2012-09-18(2)印度道務會議(20h49m開始),1,,https://drive.google.com/file/d/1ihYX1fM9PAtbI0RL6TFV8orv7TGKzlOu/view,,,,
2012-09-19,2012-09-19(3)操辦會議,1,,,,,https://drive.google.com/file/d/1uh-kc8xK3hwfFH4xsjeG5KPkPH3nZd-A/view,
2012-09-30,20120930中壢敬義,1,,,,,https://drive.google.com/file/d/1SsDzJX1PQKDU7ZElhnhjk8Ua2B-HHyUF/view,
2012-10-03,2012-10-03(3)峨眉策劃會議,1,,,,,https://drive.google.com/file/d/1cKAII6C6bkKbmJl9DpD2Hp-zY09m3A5u/view,
2012-10-04,2012-10-04(4)佛像,1,,,https://drive.google.com/file/d/1EI_OIOp-GEFMA2ouvXB5iNRcg0d-OAEQ/view,,,
2012-10-07,2012-10-07(0)聖恩道育班,1,,,https://drive.google.com/file/d/1f5SeFZIZlK9ziuvyFrtd2ta6NunGUDc8/view,,,
2012-10-09,2012-10-09(2)柬埔寨公壇包商來訪靈隱寺,1,,,https://drive.google.com/file/d/1F6XbpPohimBJ1qrqkbFgJ0X0CLE9_cWH/view,,,
2012-10-17,2012-10-17(3)操辦會議,1,,,,,https://drive.google.com/file/d/1egaAGPK1owBriHPEV6j13zWHKUZKjN2f/view,
2012-10-20,2012-10-20印度,1,,,https://drive.google.com/file/d/1WbDGGwgHd1Dy9uCgd2zhB2FVsHIX6gWa/view,,,
2012-10-24,2012-10-24(3)操辦會議,1,,,,,https://drive.google.com/file/d/1TYGrvD9wbnN2oixKclj53IxxE_WBdIS1/view,
2012-11-01,2012-11-01慈化佛院(接收檔案日期),1,,,https://drive.google.com/file/d/1RkwRIhHYdSCCI41CRvUh0-vrfZlWj7l_/view,,,
2012-11-07,2012-11-07(3)策劃會,1,,,,,https://drive.google.com/file/d/1f6KtNS78E8ifvmF2agtnUgWgN7RVvIai/view,
2012-11-21,2012-11-21(3)操辦會議,1,,,,,https://drive.google.com/file/d/1lJ4eQzqbV2NWRUPH60fBsle0fU2_L-WA/view,
2012-11-25,2012-11-25(0)印度新德里慈愿壇一天法會,1,,,https://drive.google.com/file/d/15Yu-56NtMB-e1cn21IB6_s03m398BqKJ/view,,,
2012-12-19,2012-12-19(3)操辦會議,1,,,,,https://drive.google.com/file/d/1KdYQpnvps-xO7GYmEIyYGJnOJhJ0NH_t/view,
2012-12-26,2012-12-26(3)羅宴云談道場管理,2,,https://drive.google.com/file/d/1TSVj2UhowLUuXdDOiwvzCWmZkTeFGMGT/view | https://drive.google.com/file/d/1Wjx71G-xGGdAYikgg8vPs5zz83PgHLjE/view,,,https://drive.google.com/file/d/1uvY7YgOR9gLlvGI2VJViigVh0n5GmRC1/view,
2013-01-10,2013-01-10(4)弘德道場道務重整方案：董經理：明道書院：1,1,,https://drive.google.com/file/d/1QxgBJ-74_NZifcw9_Y6eNMQQxrzTinl9/view | https://drive.google.com/file/d/1m5wr25HTT5B_hgZrSljqoD_KPc3eV_2q/view,,,,
2013-01-14,2013-01-14(1)會議操持研討會：羅宴云主講,1,,https://drive.google.com/file/d/1xY9v396rvRB3GLswAqGOM_Dex2Q01lie/view,,,,
2013-02-15,2013-02-15(5)峨眉書院新春團拜,1,,https://drive.google.com/file/d/1gBdIutmlUzHc2X7SP2VOyGS7Sl4VWQ5p/view,,,,
2013-03-10,2013-03-10(0)峨眉書院道務重整說明會,1,,https://drive.google.com/file/d/1xC0AySEwwFscxv3jBKYGL2r6bSIA6cxz/view,,,,
2013-04-13,2013-04-13(6)聖恩青年班,1,,,https://drive.google.com/file/d/1tRpBYTwwCXPwSVHW8Z1fnxB3XeZBXv2V/view,,,
2013-04-28,2013-04-28孝親活動彩排,1,,,https://drive.google.com/file/d/1IICDcoHekGoJQZlHN9cQF1iF7IzkzoYl/view,,,
2013-05-04,2013-05-04聖恩青年班,1,,,https://drive.google.com/file/d/1z2n5iJ9jx0OdxivwR5-wpbjQVDQ4fMMH/view,,,
2013-05-05,2013-05-05聖恩道育班,1,,,https://drive.google.com/file/d/19kpeMu5pdqoh1N8wdqDZOFEWWOerp1ve/view,,,
2013-05-12,2013-05-12峨眉書院孝親活動,1,,,,https://drive.google.com/file/d/1gytMujivDWflBIux2iWMnnwk1R7qRDt8/view,,
2013-08-11,2013-08-11全家福班,1,,,https://drive.google.com/file/d/1tg6KSm5mnLz_LtkhLXQFwwyPE4fmeKcJ/view,,,
2013-09-07,2013-09-07(6)聖恩青年班,1,,,https://drive.google.com/file/d/1nsO9sKSr1d6ApiYrdlizIC9NQxXrkyPE/view,,,
2013-09-13,2013-09-13(5)文書組策劃會：國外法會文書檢討,1,,,,,,https://drive.google.com/file/d/1jqTCnJhTGh94QqyN-YYgq101C0pqb0nk/view
2013-10-05,2013-10-05(6)聖恩青年班,1,,,https://drive.google.com/file/d/1gPOu2ZtQwR7fFSkSDylCPd-Yo6JGwc2y/view,,,
2013-10-06,2013-10-06聖恩道育班,1,,,https://drive.google.com/file/d/180oDC82qDQKZZSsaGXgd6I-BsZUY08l5/view,,,
2013-11-02,2013-11-02(6)聖恩青年班,1,,,https://drive.google.com/file/d/1ADqRJqESj2hH7NesWTDgRE6k0VW3ieHV/view,,,
2013-11-03,20131103中壢義儒,1,,,,,https://drive.google.com/file/d/14VmZ_B9-DioxUWQW3aLiboCbXQEYUqG2/view,
2013-12-07,2013-12-07(6)聖恩青年班,1,,,https://drive.google.com/file/d/1YuKikzvJU-SHGZTZxIVUtrbyPeOw1KmM/view,,,
2013-12-30,2013-12-30印尼公義壇動土,1,,,https://drive.google.com/file/d/1_cWsqmXuLAvLiJqceX1-xpy-bmZTjh3w/view,,,
2014-01-02,2014-01-02(5)~04(0)峨眉書院文書組法會工作分配表,1,,,,,,https://drive.google.com/file/d/1xaUymfjnHOdbX9uL4UmDkQ6TyBTL8ael/view
2014-01-04,2014-01-04(6)聖恩青年班,1,,,https://drive.google.com/file/d/1leVGf1rssSnZzY7-l5es1Ps1qHK-8B5o/view,,,
2014-02-04,2014-02-04(0)靈隱寺文書培訓,1,,https://drive.google.com/file/d/1aDy7MlwiIB08ibX1Ur4vCp4DKNBU9qK7/view,,,,
2014-02-16,2014-02-16(0)峨眉書院第一次季培訓,1,,https://drive.google.com/file/d/1dvbKT6CsyzUYET5-aqhggJIjW7dEa7oV/view,,,,
2014-02-22,2014-02-22~23傳承精進班,1,,,,,,https://drive.google.com/file/d/1kk6K4Unc1eUjnGFg8Tt0LYCiwnOW_ykd/view | https://drive.google.com/file/d/1rlX6_jT0surXm2OeN17ivbOppJUQj6VF/view
2014-05-16,2014-05-16(5)~18(0)靈隱寺三天法會,2,,,,,https://drive.google.com/file/d/14bBTVDke9Scpm-znt1DI2H5-aGuk6ad_/view | https://drive.google.com/file/d/1AeHfojXS6gj3EmlW0mcvRDzs7DFr1M1r/view | https://drive.google.com/file/d/1e6vvUtU81T6L9bPv4Ifj4M1nN4PZRybO/view,https://drive.google.com/file/d/1omL802fjOrjoaIrFtH72brtAGYPfETW3/view | https://drive.google.com/file/d/1kEuN6BSngBgElJx2H2WTdcDTpBqK1fNE/view
2014-05-18,2014-05-18中壢義儒一天法會,1,,https://drive.google.com/file/d/1ejmQ25ISgqdPbecMZhd1qblDfvGddLw9/view,,,,
2014-06-15,2014-06-15聖恩道育班,1,,,https://drive.google.com/file/d/15-MUxGZVGE6943pkoc2iuiJk5xw08I4b/view,,,
2014-06-28,2014-06-28(6)聖恩青年班：身心靈的安頓：楊明達,1,,https://drive.google.com/file/d/1G8pO8jcf9G-mJGuHXgKcrIRErysq45up/view,,,,
2014-10-05,2014-10-05聖恩道育班,1,,,https://drive.google.com/file/d/1j3-BJqG1gKk6rxoQwwbxJ4ofo2Arw9SS/view,,,
2014-11-25,2014-11-25印成仙君：37分.wmv,1,,,,https://drive.google.com/file/d/1QtPEZawVbXo8ITX7wN5Zsom0xl8xQKvs/view,,
2014-12-21,2014-12-21聖恩道育班,1,,,https://drive.google.com/file/d/170gMo_rDcEoihrESoqWf2xTN7UZce8IA/view,,,
2014-12-27,2014-12-27峨眉訓文校對-敏慧(文書組),1,,,,,https://drive.google.com/file/d/1cuolO5uxjWGN3DLzTPH_wmrtFFlDHnqt/view,
2015-01-02,2015-01-02(5)~04(0)臺灣三峽靈隱寺三天班工作分配表,1,,,,,,https://drive.google.com/file/d/1yic_z8Fg6aTMP8TFCYZzILE1k_0MAZ5d/view | https://drive.google.com/file/d/1fRqz87ZYVlymnAGzTBpcgxYZIhRscJoj/view | https://drive.google.com/file/d/1aSMRGWH7lBZb8BSeRs3rnN-UFk1wloWN/view | https://drive.google.com/file/d/115xjFiqnrtpFUjxAWcJL8LPhzbqTjlXW/view | https://drive.google.com/file/d/1bvX2reZSwsrSc6kk6JZzJPbImkren_sB/view
2015-01-24,2015-01-24聖恩道育班,1,,,https://drive.google.com/file/d/1H3NfhdNhojl-kX5idBhXRBBfh100yDjV/view,,,
2015-02-23,2015-02-23(1)郭俊志遭狗咬傷,2,,,https://drive.google.com/file/d/1_4K3VaBFdWMZqH-t2XoISuVsFFBjznor/view,,https://drive.google.com/file/d/1cEuule27RtxDZLZ3NNoZxhmOIld6dR-f/view,
2015-03-05,2015-03-05(4)道義題解卷二講解：三峽明道書院,1,,https://drive.google.com/file/d/1K9M6L5MNrv5D2NP8PCM66__sQeV9abDD/view,,,,
2015-03-28,2015-03-28虎尾陳氏喬遷安座流程,1,,,,,https://drive.google.com/file/d/1eQMecsiTQfVQfZL0sbzeoCPtGVkupkm1/view,
2015-06-27,20150627彌恩佛堂,1,,,,,https://drive.google.com/file/d/1DBSOLTNMKT4AhYJH3IiG7V1XP7DA-ySm/view,
2015-08-15,2015-08-15~16青年體驗營回顧,1,,,,https://drive.google.com/file/d/1zGeRQjfGotlCeDKLVcrapy6qQMJkYl8U/view,,
2015-10-02,2015-10-02天慈至聖殿用：工程過程,1,,,,https://drive.google.com/file/d/1gMPAxGrWhZXYq19wpRkRJ-8IQo4oKqbq/view,,
2015-10-12,2015-10-12(1)~16(5)英語三天法會師資培訓,1,,,,,,https://drive.google.com/file/d/1vg_G8cDeuDOofsz6iDz7NtUpeniF_bQT/view | https://drive.google.com/file/d/11ChYltPrKQYye_YWaBQaHwYTlkgDzpal/view
2015-10-29,2015-10-29(4)訪談：潘麗雅：修道改變命運,1,,,,,https://drive.google.com/file/d/1G7WdbF0J3JFhbJ5pDcet5gRSqyt21DZF/view,
2016-01-02,20160102德恩,1,,,,,https://drive.google.com/file/d/16PvL_2eVPa8kHJ1DteNzAnY7kvyfZkNN/view,
2016-02-12,2016-02-12(5)靈隱寺文書培訓,1,,https://drive.google.com/file/d/1fi9pjHtiIkDkSa3599HlmwxbtQXe0sGn/view,,,,
2016-03-03,2016-03-03印尼公義壇開工,1,,,https://drive.google.com/file/d/1cKgrs9x2hNmGYcWf_y2PcM_1pV_YXLnP/view,,,
2016-03-06,2016-03-06印尼公義壇建設,1,,,https://drive.google.com/file/d/1brdxVYTI2eOEQ1xmM3UBH7oRip9sd2rk/view,,,
2016-04-24,2016-04-24(0)湖口李氏一天法會,1,,https://drive.google.com/file/d/1lxw_wLJcj4gTVsu9yBANAxEDfD9x_cmY/view,,,,
2016-05-16,2016-05-16渡人成全人從關心開始：發一崇德正和書院：孫寶蓮,1,,,,https://drive.google.com/file/d/1tCSYnvlnPoBeUnWXgnVP60CjwQD4ljA1/view,,
2016-06-12,2016-06-12(0)操辦人員應有的理念與素養：林榮澤經理,1,,https://drive.google.com/file/d/1GyjwjevisJ-ZyXl0ec1tlqEkn8JhQ6Fm/view,,,,
2016-06-19,2016-06-19青年一天法會,1,,,,,,https://drive.google.com/file/d/1mBq-Y590jLglrB6YlxWCJDLnYd_W2bG7/view | https://drive.google.com/file/d/1XlfxXT8priD6oLZvEwm7m3sS8QDJ4VxJ/view | https://drive.google.com/file/d/1RUQ85Ui_iVqb6aYOirR_asdAcXsywxB8/view
2016-06-25,20160625知明,1,,,,,https://drive.google.com/file/d/1dweaex2DcsxQ4ego7gvmMvLyJ3stBbCx/view,
2016-07-02,2016-07-02~05西遊記體驗營,1,,,,https://drive.google.com/file/d/1T6xLQAHVwuuwj6o3t9a86-W2NOoAAYAz/view,,
2016-08-12,2016-08-12雅加達公義壇三天法會：正訓修正版,1,,,,,https://drive.google.com/file/d/1YbkWbtIykDcJ8ki_tIUN3GIWYPNA4KE0/view,
2016-11-05,2016-11-05靈隱寺文獻培訓,1,,https://drive.google.com/file/d/1e2uqw3nMQDiq0ea8N-lp5hgtyzs7d63m/view,,,,
2016-12-04,2016-12-04(0)湖口李氏一天法會,1,,https://drive.google.com/file/d/1v6LmkndrT9Xi5TMpdVC54_Yn8Xzr1tzs/view,,,,
2016-12-17,2016-12-17(6)~18(0)峨眉書院講師講員人才班,1,是,https://drive.google.com/file/d/1mUVHTqkEfmANi8Db2fIygXvrDNxb56Ml/view,,,,
2016-12-17,2016-12-17靈隱和宣柬埔寨道場回顧影片：達賢達聖,1,是,,,https://drive.google.com/file/d/11wp7uUlP-rHoqeIOpN0GHTJ371GMVCIk/view,,
2017-01-07,2017-01-07(6)~08(0)峨眉書院講師講員人才班,2,,https://drive.google.com/file/d/18Yw7IuTF-OzirVycNzyVQXzJ71-E95yf/view,https://drive.google.com/file/d/1Cu60234FbcvlhNLK6mCmkT9NC2k7gpSH/view,,,
2017-01-08,2017-01-08老蔡經理,2,,,https://drive.google.com/file/d/1l-Gt1-80hYIcC6KlI_Q3erZB-sfRMHca/view,https://drive.google.com/file/d/1nUwkFJ0HP8U8YVoTDfXhhWTkdM2kd7hf/view,,
2017-01-16,2017-01-16北區道場拜年,2,,https://drive.google.com/file/d/1qY6EmOdrdp1KylH7vw2eTWSgQv3cvd2e/view,https://drive.google.com/file/d/1ULrGXZkbpAk4vrdIbipKZy6BTaUZVBMK/view,,,
2017-01-21,2017-01-21印尼公義壇建設,2,,,https://drive.google.com/file/d/1jCvNSxmDMBo13HzyxUahZ9-VzbkKdy9n/view,,,https://drive.google.com/file/d/10aGlxNcu_6cNGLjR8GW3vNtvwHfvU0zq/view
2017-01-22,2017-01-22印尼公義壇建設,1,,,https://drive.google.com/file/d/1bT1s80yMPs3k2GNosxFbFv6wjTwSQ_6S/view,,,
2017-02-01,2017-02-01峨眉書院新春團拜,1,,,https://drive.google.com/file/d/1_co0jjfGZu2H97-FLp7GcCLXAGvAXZFZ/view,,,
2017-03-01,2017-03-01印尼公義壇建設,1,,,https://drive.google.com/file/d/1uUjY7HaOBXzNGeF0xgm4MxoDoe10YaTZ/view,,,
2017-03-26,2017-03-26靈隱寺清明祭祖,1,,,https://drive.google.com/file/d/18nOuIAWIZINlSs96b5I1NCYW7lTpPmh0/view,,,
2017-04-22,2017-04-22～23靈隱寺年度大班：修真行正班,1,,,,,,https://drive.google.com/file/d/1ptl177J3U9eOEd_faVNc_6YqVRL012ch/view | https://drive.google.com/file/d/1uEsPin5aeGid89ZCSoRod3x_dv9oSRkH/view | https://drive.google.com/file/d/1NuIRYWSfawalaDMmQe44NWyEqY8h1z47/view | https://drive.google.com/file/d/1-VavYZhegQ1o40h8mEyAjWlkrSHz4nRB/view | https://drive.google.com/file/d/1NosHEM72CGaM8tfbp8BaQ8xDEUfw5Hua/view | https://drive.google.com/file/d/16gElb8Y4_Fpum5PgkuQ2ZhUOzOButkB-/view | https://drive.google.com/file/d/1lpE0XiymCbZrLiyXw1cB9jHv_bJZ1VQS/view | https://drive.google.com/file/d/114EGcIQW2MsaPGI31JgW2WoJTFzHiawF/view
2017-04-23,2017-04-23印尼峇淡鴻義壇開壇,1,,,https://drive.google.com/file/d/1NGQ5t99p-zBmXPg9E01mKgNgIzXJbw2A/view,,,
2017-05-07,2017-05-07湖口李氏一天法會,1,,https://drive.google.com/file/d/1A2tMArt-nDgz1d5h_Aj0OT7zHooPJ2Ps/view,,,,
2017-05-10,2017-05-10真智儒院修真行正班,1,,,https://drive.google.com/file/d/1wE_VlKa-o1kXTRiczykQhxGl6x65IvJZ/view,,,
2017-05-20,2017-05-20靈隱寺文獻研討會,3,,https://drive.google.com/file/d/1SATK4jmgTfdRijILCjIYk1T2h4SzcGyW/view,https://drive.google.com/file/d/1Eo6sJ_K5vewmP0u7iMPgP04awdmS1UMV/view,https://drive.google.com/file/d/1g7SZoHcjj_rZQhnzxdU9QHOsbFi4_VlJ/view | https://drive.google.com/file/d/1z3bYIK7faQBKWQwbJT8dFT0AZKhlE8Cn/view,,
2017-05-21,2017-05-21士林孝化一天法會,2,,https://drive.google.com/file/d/11GI_9DLhzzdP9_GEzsnxmBVn7dNejpnq/view,,https://drive.google.com/file/d/1lgLaTkRzASv-2-KxwGQYrVQzJPPOv8kM/view,,
2017-06-11,2017-06-11發一崇德：孫寶蓮講師資料,1,,https://drive.google.com/file/d/1vVILHustARnbM3_Fx68BHHF1Aayuq29i/view,,,,
2017-06-24,2017-06-24真智儒院修真行正班,1,,,https://drive.google.com/file/d/14VNN3IXNY10iJj0nrkpQpEaV8dCiqpDF/view,,,
2017-07-01,2017-07-01~03仲夏夜之夢生活營,2,,,https://drive.google.com/file/d/1nB7-aHjXe_2haTXMoc3eDL2afFOHmiHA/view,https://drive.google.com/file/d/1hdV0Jy2SlvZKmanKRqG0BQmGzVnw7hOg/view,,
2017-07-05,2017-07-05三峽新屋,2,,,https://drive.google.com/file/d/1pnRtvJ0KODTM70_T2G-55oenEwLYqgq1/view,https://drive.google.com/file/d/1DJ2-vIVdZT3QaMZqDkXGzzYVJakZPBBD/view,,
2017-07-07,2017-07-07文書採訪問題設計：慈正,1,,,,,https://drive.google.com/file/d/1QsE-lWeHGGm8e_obVUT13mWXX2eWe6Zb/view,
2017-07-30,2017-07-30湖口李氏一天複習班,2,,https://drive.google.com/file/d/13EiEy-NKkn_KS9P2VmQUF0QHCgbM3fOw/view,,,,https://drive.google.com/file/d/1n_YHWReZs_Gec_feMNhkfmLf_qj5R3Wj/view | https://drive.google.com/file/d/1b5TYGFTAXHzYRZ-kzLBJLP2FlNm2SVbT/view
2017-08-02,2017-08-02峨眉書院策劃會,1,,https://drive.google.com/file/d/1_9AYd9g6YKAT9B0s6byp69hFFRAa_aSz/view,,,,
2017-08-04,2017-08-04峨眉書院成全組會議：青年整合班程,1,,https://drive.google.com/file/d/1jwHm0IRUvvmOXLNfSa-roSg0-KzX_fSE/view,,,,
2017-08-25,2017-08-25峨眉書院成全組會議：青年整合班程,1,,https://drive.google.com/file/d/1ot0Jf2_2fYKpYMQpdvdvITA_kW0pyNW5/view,,,,
2017-09-08,2017-09-08峨眉書院成全組會議：青年整合班程,1,,https://drive.google.com/file/d/1CDYBUKxVLLncbYCM9iJELjRhBAvI0N2W/view,,,,
2017-09-10,2017-09-10峨眉書院聯絡圈,1,,https://drive.google.com/file/d/1To2f6-M8J6fO7P1Wsa9drDO871pQRJze/view | https://drive.google.com/file/d/1iX4NW-b9YWCeakqsjrt2e-ry4oagwysS/view,,,,
2017-09-16,2017-09-16靈隱寺文獻研習營,3,,https://drive.google.com/file/d/1v8mZ7Su4XUQ7PhKRUM-_XPlPfgFXOlTL/view,,https://drive.google.com/file/d/1CtFBgVQrjRK1K5oCSt2RbGsBhDxeS2sA/view,https://drive.google.com/file/d/1CNoYfxs5d0qj8EVePwj7f-daf985Nl_S/view,
2017-09-22,2017-09-22峨眉書院成全組會議：青年整合班程,1,,https://drive.google.com/file/d/1_mMAo2AME587Wzc1JyJBnu83NByojgfB/view,,,,
2017-10-05,2017-10-05峨眉書院策劃會：劉經理慈悲,1,,https://drive.google.com/file/d/1wqYnYklEayzugTd0OpJt9x5UDlF10WbG/view,,,,
2017-10-08,2017-10-08峨眉書院師資培訓：賴經理慈悲：訓文劉經理,1,,https://drive.google.com/file/d/1r-qtqCCR1lwDU0n8K6mRKYxyC-mlgRMa/view | https://drive.google.com/file/d/1vQiBVW1fd0A-QPDJBLjPQtoEC0LIgMlE/view,,,,
2017-10-12,2017-10-12峨眉書院靈隱家風尋根之旅策劃會,1,,https://drive.google.com/file/d/1wRpxfkNEcrfxj9O71J3VVFAF1_8Opjy3/view,,,,
2017-10-17,2017-10-17板橋區小聯絡圈：劉經理慈悲,1,,https://drive.google.com/file/d/1EZB0NBjFwVolM_mt3aAZlU8yEXGgsEKe/view,,,,
2017-11-03,2017-11-03靈隱禮讚,1,,,,https://drive.google.com/file/d/1jmUUzkkEhcGpO7jMepriNnN6cSEnKnzQ/view,,
2017-11-05,2017-11-05靈隱寺建廟四十週年紀念會,1,,,,https://drive.google.com/file/d/1GKQkTtv9kIlnukl75B6RVm6PlTHAphdp/view,,
2017-11-06,2017-11-06~11靈隱寺朝聖中庸師資培訓,1,,https://drive.google.com/file/d/1T0BemIiIXhm5cRTeUMNPwC_hYLbJGsmI/view,,,,
2017-11-08,2017-11-08-11靈隱寺朝聖照片,1,,,https://drive.google.com/file/d/1-TsVQLMUx3fGOURgpqkEL-922AlapEa2/view,,,
2017-11-12,2017-11-12(0)歸空點傳師結緣訓(2017-11-15三才校對),1,,,,,https://drive.google.com/file/d/1J_MH1CUx3WOq7be79p3L-m8XSRL4f6Wr/view,
2017-11-25,2017-11-25白水聖帝慈訓：投影,1,,,,,https://drive.google.com/file/d/1Zcqx-svRUiyf2SrBD30MCSE7YRMgdcUt/view | https://drive.google.com/file/d/1FYHMZHfalSPDQe2rqkM3hcMnnlSAMzi5/view | https://drive.google.com/file/d/1NngMm2EVTGzjM0Kxhspfz_a5VjSUzJZM/view | https://drive.google.com/file/d/1qNAk2zCdmjmrKokz_3xqg0CMGRNTK_ze/view,
2017-11-26,2017-11-26慈化文教親子讀經師資成長班,1,,https://drive.google.com/file/d/1SYTBFNUtejkpY8RzlJr-lINDheDZ--jf/view,,,,
2017-12-03,2017-12-03湖口李氏一天法會,2,,https://drive.google.com/file/d/1XFruHat-C-yo0kBdE_I3RfZUfSmnuiIV/view,,https://drive.google.com/file/d/1cUCzNi2fpT5KxCYPcOs91N2bbKWS0I2y/view,,
2018-01-03,2018-01-03峨眉書院策劃會：前賢結語：賴經理慈悲,1,,https://drive.google.com/file/d/1Ea20SQnfGINWCr2DCv0X-vzbtc8fndE9/view | https://drive.google.com/file/d/1kT4uGkBrhFA-cq_gFkdBp_D_iKNCfCkX/view,,,,
2018-01-14,2018-01-14迷你桌遊融入研究班：發一崇德正和書院：孫寶蓮講師,1,,,,https://drive.google.com/file/d/1HoFMfi9xEgrIu7RQEdWfz5sF1kQXUMYk/view,,
2018-01-21,2018-01-21峨眉書院靈隱尋根之旅：三峽靈隱寺,4,,https://drive.google.com/file/d/19rpOX4PSMdgQk-P-FhQUh6pspYIYt6F6/view,https://drive.google.com/file/d/1VQMu0Iu3oyYNJ6_on3zLQh08bMyWYR_s/view,https://drive.google.com/file/d/1HMqVk3NoLsFzEIwjsoiBghJZQ5nJ11cn/view,https://drive.google.com/file/d/1VlpuglrgjAVFRja24E_uXJyhoWeVI5kL/view,
2018-01-28,2018-01-28明心青年班畢班：新竹明心壇,1,,,https://drive.google.com/file/d/1TG56hhuTirJJObhE0vQ-s1l7K8kxMWTx/view,,,
2018-02-03,2018-02-03-04靈隱寺拜年,2,,https://drive.google.com/file/d/1nAn1MQsXmdJzlkfU38inOryTn-k_39qV/view,,,https://drive.google.com/file/d/1PXpEpk5v08kNkXuXt9mgdiholcVEHtXY/view,
2018-02-05,2018-02-05義德兄弟道場拜年,3,,https://drive.google.com/file/d/1Fq-9JG6UZ9dlHQxp7ykxdR3OxXsEBa1z/view,https://drive.google.com/file/d/18KlysaO1gy7qsXm2ls4dm2Ow_dJXbglT/view,https://drive.google.com/file/d/1W9HpI-dBsY1G75STFHMFp1aEvWL_CAHS/view,,
2018-02-15,2018-02-15峨眉書院過年輪值：竹苗區,1,,,https://drive.google.com/file/d/12JFxFcOchGnKaPDpwJAG0HnMTmvzjG42/view,,,
2018-02-16,2018-02-16峨眉書院過年輪值：湖口區、義德壇主聚會,1,,,https://drive.google.com/file/d/1TlnaGQcjIpFV6B9eIJuDyzXHBCRmaPln/view,,,
2018-02-20,2018-02-20道務文書研習會,2,,,https://drive.google.com/file/d/1REy_XIJDlmiZzv2GpHlsql_dvOJybCom/view,https://drive.google.com/file/d/1GRgbB1-_t4AQw4UwpmIzXextetrdwedP/view | https://drive.google.com/file/d/1YDCYUNBEIdush5g-gfCIz81AYst0g_OR/view,,
2018-03-07,2018-03-07峨眉書院策劃會,1,,https://drive.google.com/file/d/1UGLzTRNZPT37hbC10KPSQW64AHAEtot3/view,,,,
2018-03-11,2018-03-11峨眉書院信徒大會：峨眉書院,2,,https://drive.google.com/file/d/1280960XyOBvj7oxkAU6yTXTG5WxUxGWR/view | https://drive.google.com/file/d/1Ug9AZRoWAHVO62MuSHeHlY1ChkYhFxER/view,https://drive.google.com/file/d/1P8JnvsAS5czRzeabgdhcbIpIPTsicguI/view,,,
2018-03-13,2018-03-13文獻小組會議,1,,https://drive.google.com/file/d/1_OtqQniq20GbjwBZZglSpgaDq5aROyNc/view,,,,
2018-03-18,2018-03-18板橋劉氏讀書會：前賢慈勉：陳允睿點傳師慈悲,3,,https://drive.google.com/file/d/1F9ftahDnBXG1dYvZ361A_ahqbG4MqWYS/view | https://drive.google.com/file/d/1SmPxELNphgAG1fB1DKC3YfveZkUyl2aD/view,https://drive.google.com/file/d/18p2_PeKEzRK_3gSdQlKHOFrCqaHuZ_wz/view | https://drive.google.com/file/d/1L4sVjKXBqA-Yv6S2fpdIjrogBo9BgKlk/view,https://drive.google.com/file/d/187h9CcFG00Fg370xwNRLZQ8DCr29ZEiV/view,,
2018-03-23,2018-03-23陳慧真講師生命光碟,1,,,,https://drive.google.com/file/d/1m5m4U-L7Q4bA1gCsCTyezIrxw2eM2kdw/view,,
2018-03-27,2018-03-27文獻小組會議,1,,https://drive.google.com/file/d/1q5_bnhCYyrYbM0ErvXsUTsv7K2icz-b-/view,,,,
2018-04-08,2018-04-08峨眉書院聯絡圈暨弘道組培訓,1,,https://drive.google.com/file/d/1OajztEuYvat7aJc7RkrGZllmkz2wQSsg/view,,,,
2018-04-15,2018-04-15法會文書培訓班：新竹明心壇,2,,,https://drive.google.com/file/d/1FqjoH5w-EIq5NOkaWKNUQuj50tva0Cad/view | https://drive.google.com/file/d/1KdJHqGT6AxTumXLjQhPI0ZtsAFwhEpOj/view,https://drive.google.com/file/d/10zBVmMtbTnLop4IZDCPmm_MxyMe4Ew_l/view,,
2018-04-25,2018-04-25黃經理：靈隱前人行誼：崇德學院,1,,https://drive.google.com/file/d/1UlWsL2GWytp0XllD77SvU8JylGab-tIe/view,,,,
2018-05-02,2018-05-02峨眉書院策劃會：曾經理慈悲,2,,https://drive.google.com/file/d/1NB4p1J-IG64z4fjHl8iwvGNGLdfwQvNG/view,,https://drive.google.com/file/d/1iFF5eSHxrIp_vIdh6loGOzK90GY3pXeR/view,,
2018-05-13,2018-05-13峨眉書院文書組：道務系統會議,1,,https://drive.google.com/file/d/17t97i-R_GgyMumHjgl6EHwLGj9lPZ0E1/view,,,,
2018-05-20,2018-05-20峨眉整合青年班：頭份智善壇,1,,,https://drive.google.com/file/d/18S-8JdWlDcrvzAUFYcW71IflGkHvimCH/view,,,
2018-06-03,2018-06-03湖口李氏一天複習班,1,,https://drive.google.com/file/d/1Z6eA7gSSzma5lczLDqqkgXM73UIGstOW/view | https://drive.google.com/file/d/1GRnLmBEvDrgZwR0BOlIyd5zDrgT666Vv/view,,,,
2018-06-19,2018-06-19靈隱文書組參訪發一崇德：崇德學院、正和書院,2,,https://drive.google.com/file/d/1sD1b76DYfI8xnJpGF4AQg7F1d4IRT4TI/view,https://drive.google.com/file/d/1Rjrd4F_eusU9K7T-AqZLkRsiu_oE3J4i/view,,,
2018-06-30,2018-06-30-07-02峨眉書院生活營,3,,https://drive.google.com/file/d/16H7UMLUQIzucFIpQPj2aVs5nh3qgdCkt/view | https://drive.google.com/file/d/1ENIqB-ePfAi8nn7gsm0ojZ_3nzyReWfB/view,https://drive.google.com/file/d/1_Cywi3_dz8VEagHmum-ziHc-b_AN1O95/view,https://drive.google.com/file/d/1BdQ1UynE5uBiMCgvKRZd3ED_QzwfvNjG/view,,
2018-07-07,2018-07-07峨眉書院文書組：道務系統會議,1,,https://drive.google.com/file/d/1okP2ncls1nv2OyAMymK07AH9WVrNGlAb/view,,,,
2018-07-08,2018-07-08基礎研究班師資培訓：前賢結語：宋點傳師,1,,https://drive.google.com/file/d/1yEYo9-VCLFK6AOsSu2XWpBzEQbQ7hpZk/view | https://drive.google.com/file/d/173f3Acysg6K1lCCEa1DDWw4nvv-J0b6g/view,,,,
2018-07-11,2018-07-11顧鴻龍點傳師訪談,1,,https://drive.google.com/file/d/1NHwuwAyqrTkpXN5I98drYFjPXjE8XdJw/view,,,,
2018-07-13,2018-07-13板橋聖恩綜合班：開課：劉經理,1,,https://drive.google.com/file/d/14WdKDqZ2WyHbtvhd3Hv8q6rcpjiRREbH/view,,,,
2018-07-14,2018-07-14英語弘法研習班：談三寶：董點傳師慈悲,1,,https://drive.google.com/file/d/18_56LDtuWLIOJm6-z2fwhO8rBg5Eks_M/view,,,,
2018-07-20,2018-07-20-07-22金門感恩之旅：道恩慈音壇,2,,,https://drive.google.com/file/d/1Mo9VbEmZh5IEES3Bnd9HHR95kFBt58hp/view,https://drive.google.com/file/d/1PbpLwR3ixzJrfDUx8XRXnsZ5oYhmqzT1/view,,
2018-07-21,2018-07-21-07-22靈隱寺少年育樂營：三峽靈隱寺,1,,,https://drive.google.com/file/d/1lNS0mYcjQfXTpgPoDBEeW0wszDR5fb90/view,,,
2018-07-22,2018-07-22金門基礎班暨辦事人員班文書檢討會,1,,https://drive.google.com/file/d/14g7dw1YuUUfqvcLuMD1hLC1oBkiqV8Te/view,,,,
2018-07-29,2018-07-29讀經班運動會：中央大學,1,,,https://drive.google.com/file/d/1isdUMHcaoNT7KnOo4fPrT8VdyUjzC8Ys/view,,,
2018-08-04,2018-08-04英語弘法研習班：人生何處去：楊振敏講師,1,,https://drive.google.com/file/d/11OyQnQTnjmALXnBvpmxGLC18PJQKPce6/view,,,,
2018-08-11,2018-08-11-08-12青少年學道育樂營,2,,,https://drive.google.com/file/d/1h9gO7jzY6LBhsC8eCaqsy36-x1rdFF6J/view,https://drive.google.com/file/d/1G052fPzQNbWEU0k-NvRw7aw3n9XHfYQu/view | https://drive.google.com/file/d/10_O2qJGkuPxXWv5K1nVu0CtBKAh8SSyl/view,,
2018-08-12,2018-08-12峨眉書院聯絡圈暨基礎研究班培訓,1,,https://drive.google.com/file/d/1TQxV9qUwVTLVsHkR3_5URLAmmY7Gw8uS/view,,,,
2018-08-17,2018-08-17-08-19國際青年學道營,1,,,,https://drive.google.com/file/d/1f0rXG3560rlU_SwfLeG0n5KvG6mg4_4y/view,,
2018-08-19,2018-08-19法會文書培訓班：新竹明心壇,1,,,https://drive.google.com/file/d/1U2j8iMmdab1QYnlad1lWKIbAXy0NDTaG/view,,,
2018-09-05,2018-09-05峨眉書院策劃會：吳經理慈悲,1,,https://drive.google.com/file/d/1yUvpMRJ_qugSj1TzoRxTpdx-cQswjMQq/view,,,,
2018-09-09,2018-09-09峨眉書院聯絡圈,1,,https://drive.google.com/file/d/1gxLxvDNq_QxRHqQCRemBBtT3QwA0Dl6k/view,,,,
2018-09-11,2018-09-11板橋區小聯絡圈：曾經理慈悲,1,,https://drive.google.com/file/d/10mmvX3ccd7PxiHw4eNzY3NxRHvDG2g_K/view,,,,
2018-09-15,2018-09-15~09-16靈隱寺中秋拜節,1,,,,https://drive.google.com/file/d/15Bg2oSt4yjHuKaqDatcVbaotRIegv8jz/view,,
2018-09-16,2018-09-16法會文書培訓班：新竹明心壇,1,,,https://drive.google.com/file/d/1Y6eYL5w8QsLlHoKfQM5OTfotGGtfm3EJ/view | https://drive.google.com/file/d/10AHvLsgagAAmK0eKvr5CmPkJ39eM-4CZ/view,,,
2018-09-24,2018-09-24-09-25韓國元德三天法會：宋點傳師,1,,,https://drive.google.com/file/d/1tvEMghUO6bpPVJFU0Ex7RLLtRHshVzZl/view,,,
2018-09-29,2018-09-29文書精進班：出版軟體實務：ID造字教學,1,,,,https://drive.google.com/file/d/1lZd6SwyzvRNU_lQ4NbVpVth2FV_xXQqn/view,,
2018-09-30,2018-09-30板橋聖恩一天法會：前賢慈勉：李經理慈悲,1,,https://drive.google.com/file/d/1vbrQDEcnE7g1l4wg3vAGgC8sJ0Fvt3a0/view,,,,
2018-10-21,2018-10-21峨眉整合青年班：頭份智善壇,1,,,https://drive.google.com/file/d/1temRO57pu2Y1WjXpMZVcQF2a0EqQwe7v/view,,,
2018-10-26,2018-10-26-11-02國外道親靈隱朝聖,1,,,https://drive.google.com/file/d/1we7HInIX7QE_DPmLbFyaN3A0F4QHBfqZ/view,,,
2018-10-27,2018-10-27靈隱巡禮：三峽靈隱寺,1,,,https://drive.google.com/file/d/1tZYZiIBk5T8D-9ZLHKK3ByAm-yoFac8u/view | https://drive.google.com/file/d/1NIELGXS2WFxEViiD8b88u5lDSmaKxQzg/view,,,
2018-11-01,2018-11-01峨眉書院朝聖聯誼,2,,,https://drive.google.com/file/d/1cegOFuYIMjCvo98xnDiH4DBgIp7U4MmC/view,https://drive.google.com/file/d/1NZDs8bLmxQZdK8P2aGnH-fBFQacnOd2m/view,,
2018-11-04,2018-11-04湖口智善一天法會,1,,https://drive.google.com/file/d/1eyZRQJvPqoyDRET_2RjQXZjXioNvRqWJ/view,,,,
2018-11-08,2018-11-08靈隱寺朝聖文書檢討會,1,,https://drive.google.com/file/d/1GxcAkWpaJ57h9M_rakT9w8yoJab_sFFK/view,,,,
2018-11-14,2018-11-14(3)2019靈隱寺春節報名系統會議,1,,https://drive.google.com/file/d/1qfNBUcM-uzrui0BjKlkwPuozSazZcClc/view,,,,
2018-11-18,2018-11-18士林孝化一天複習班,2,,https://drive.google.com/file/d/17ITclAd3M1_fpOIBn9KUE8iTVNZq46Tp/view,https://drive.google.com/file/d/1Rnf7ybBAtN7jWj4p1e7LfGT6BPcxe1M_/view,,,
2018-12-09,2018-12-09峨眉書院年終精進班：講師壇主班：峨眉書院,3,,https://drive.google.com/file/d/10QivVsSAghKZaoxguDOJyoISiwL4987N/view,https://drive.google.com/file/d/15bZRm0in52tRjab3VLVZfnfAPEEEQy4-/view,https://drive.google.com/file/d/1yYvzMEKNAcWV6PXDMZJ1kqbTd_0BLxyi/view,,
2018-12-15,2018-12-15靈隱寺文獻研習營,1,,https://drive.google.com/file/d/1Sdc--AXOIEQxycO0tI5GRQYtA4xoAZwl/view,,,,
2018-12-16,2018-12-16靈隱寺乾坤德班,2,,https://drive.google.com/file/d/1CrRBJtrzM65W33mPRxL9la4AC5atsna3/view,,,,https://drive.google.com/file/d/1IZQ1h_4_XD2ts_DguX-GnM_60OFG8xSu/view | https://drive.google.com/file/d/1iqwmgMzNU3o56DIpGKfMkEgEoDmwdPke/view
2018-12-23,2018-12-23峨眉青年整合班：頭份智善壇,1,,,https://drive.google.com/file/d/1I3CYOzWKxSsczTLSEGkMAm3p5ADf2sx-/view,,,
2018-12-30,2018-12-30靈隱寺青年一天法會,2,,https://drive.google.com/file/d/1-msWEelLeJA9g0veNgevenIEstA9C8Sb/view,,,,https://drive.google.com/file/d/107R7noTXwhAx13I5xTZbloDfWiGb_Jmt/view | https://drive.google.com/file/d/1_8aACXrxjDC06-y3v7FhALmSAs0CGiGF/view | https://drive.google.com/file/d/1TvpZkEN0zgEl4olROxT_cWhJIWaKggLB/view | https://drive.google.com/file/d/115e0o1387DTsv0KjJeFeNFQvzZYEakln/view | https://drive.google.com/file/d/1iuhjol5-PMbb6O4ZTZc8a-aIC6GskOTL/view
2018-12-31,2018-12-31~2019-01-01峨眉書院青年跨年活動,1,,,https://drive.google.com/file/d/11AulYy0GmOb3HE5PTOJ7nwV3fKGp2yNQ/view,,,
2019-01-13,2019-01-13峨眉書院年終精進班：清口辦事班,1,,https://drive.google.com/file/d/1MT2OGGSFiDuKvgTozrBFPGVY2-tGqDb1/view,,,,
2019-01-14,2019-01-14中國社科院與一貫道總會參訪泰國奉恩中心,1,,,,https://drive.google.com/file/d/1VwaET7kIMA6F2lvwKCYHdXU90aehwBg_/view,,
2019-01-20,2019-01-20峨眉青年整合班：頭份智善壇,2,,https://drive.google.com/file/d/1WRUIzX55uclPNyj5Iu31wJTzlHN0HK5H/view | https://drive.google.com/file/d/1z96n1xPWZN2bb6pDCcYR0Tzxu_bIxtVb/view,https://drive.google.com/file/d/1SB6giIldKtugrb_VDmsGIVYbq2TKG1z7/view | https://drive.google.com/file/d/1Qc69PYimjk--UZdVk-XO-nQBYlyUTGeE/view,,,
2019-01-21,2019-01-21北區道場拜年：新竹峨眉書院,4,,https://drive.google.com/file/d/1rc24NYEpe2xOnUri27DDGsPa78UdnY0J/view,https://drive.google.com/file/d/1TYr07YbGvgRNj5X-t2Te-HXpxvSJ8h0N/view,https://drive.google.com/file/d/1h-e6UuQ_HjOwMV1r9U2NKdvKi7hCdYFN/view,https://drive.google.com/file/d/1VFEum_XUrGNm98KDlnrCRgwLuyyVTghR/view,
2019-02-05,2019-02-05台中武聖宮新春祈福團拜,1,,,,https://drive.google.com/file/d/1toxcWWuf7QYxEEa8ZQmdl9aJ72nbcItp/view,,
2019-02-09,2019-02-09靈隱寺文書研討會,2,,https://drive.google.com/file/d/1E6zLdrni1ogF0ezFeBcORX37VRtrBzLn/view,https://drive.google.com/file/d/1aKGD_t00W3Uv5SqH-RPyqR3wwmnYZxj-/view,,,
2019-02-24,2019-02-24經典師資培訓：孝經,1,,https://drive.google.com/file/d/1AB6FWnXDU-zYkyQNsvTnV_NL3TS--30c/view,,,,
2019-02-28,2019-02-28~03-01道恩授課人員精進班,1,,https://drive.google.com/file/d/1yO4zinWgfrQ-U0Jf5u2ELaAvDbhlkd6e/view,,,,
2019-03-02,20190302 峨眉書院 函,1,,,,,https://drive.google.com/file/d/1Ck1TxWPctc57WsoK31LKtrau1mN0PAFy/view | https://drive.google.com/file/d/1SpuPV0gk2_hLTuIFCZhcxYAmKcqQw1JT/view,
2019-03-17,2019-03-17峨眉青年整合班：中壢義儒壇,2,,,https://drive.google.com/file/d/14WwiXHI8yPt1-whqdC2JceuVlT1NsN65/view | https://drive.google.com/file/d/19VVUJtXM1xTmcX6VUVaGY46WoOf-7KTj/view,https://drive.google.com/file/d/1k08JaDDlY0QQ_nESQ5uK7tXI9P1AgLfI/view,,
2019-03-31,2019-03-31峨眉書院一天複習班,1,,https://drive.google.com/file/d/1ES6tYI7kipoH8iqNDsvCtuwmPDcYuKIm/view,,,,
2019-04-07,20190407印尼慈青幹部朝聖,1,,,,,https://drive.google.com/file/d/15d5bYx192kN25tIy5QIS-Y-YvS2QP3fN/view | https://drive.google.com/file/d/1QWyeRftbe_1OPKygcDRXcOwr6t7VJUrr/view,
2019-04-12,20190412印尼峨眉單位邀請函(雅加達),1,,,,,https://drive.google.com/file/d/1L2NNuzf86im9shO22kR4C0uwFVXjJyL2/view | https://drive.google.com/file/d/1MrI4_jkSmXldPJIODEIwHkCI4wg8xcdd/view | https://drive.google.com/file/d/1GPbXtwv1dbzeCxtzcqHnsFCvXpwoJz06/view | https://drive.google.com/file/d/1d8PrdRVBxSTz-PIEmNbJYVcVRifWI6-P/view,
2019-04-14,2019-04-14峨眉書院綜合班,1,,https://drive.google.com/file/d/1140PBF3y2Xp3hwj3h1f56VXB8tFAaGYZ/view,,,,
2019-04-16,2019-04-16靈隱文書組秘書小組會議,1,,https://drive.google.com/file/d/1Wc2fk1Imc5qmcnlezWvW7TfVq_8bSDjR/view,,,,
2019-05-02,20190502會議記錄,1,,,,,https://drive.google.com/file/d/1okM5HPbDEyBbRR089gVqH_FiEzFL5krW/view | https://drive.google.com/file/d/1K6unNoJrz3KHrF3-jmMFl0nrpnuJ2okf/view,
2019-05-05,2019-05-05湖口李氏一天法會,1,,https://drive.google.com/file/d/1rlsMTD0DW6X6Klm51JFDSQEt83f8kXgz/view,,,,
2019-05-12,2019-05-12峨眉書院綜合班,1,,https://drive.google.com/file/d/15xQcQe_k2qAWHM93fqK7e5Gnoo7k4ZSp/view,,,,
2019-05-23,2019-05-23靈隱文書組秘書小組會議,1,,https://drive.google.com/file/d/1LSzH0YJyQy4yE3xICa42knyHcjfJdtiN/view,,,,
2019-05-31,2019-05-31-06-09印尼慈青幹部台灣朝聖團研習,3,,,https://drive.google.com/file/d/1OcI_0jxhczT6gepMnYVfcF3eLCl5NbW7/view,https://drive.google.com/file/d/1UA-iOeirMXm7ZgPBvbuIkFrG8c6WLTwl/view,https://drive.google.com/file/d/1db3_-_7UEKHbft0HAZlx1-XJ2aDIF88B/view,
2019-06-01,2019-06-01-02印尼慈青幹部台灣朝聖團研習,1,,https://drive.google.com/file/d/18baLxJxxQ6JH4sy07KEAiZX9U1QxgO1Q/view,,,,
2019-06-03,20190603峨眉書院印尼道親導覽流程（0513草擬）,1,,,,,https://drive.google.com/file/d/1kV0lqDNFuhKlIQXWh9VG-3gmdN_8X4XM/view | https://drive.google.com/file/d/1oJFt_Fav3IhXz1cVkoituvA0w0usongI/view,
2019-06-09,2019-06-09峨眉書院綜合班,1,,https://drive.google.com/file/d/1TpL9y_bJPLT0ifa52Q94cYHj_AwE3zaB/view,,,,
2019-06-16,2019-06-16靈隱文書組秘書小組會議,1,,https://drive.google.com/file/d/1woP6fFj9WL-MESZm3VVOAUaFps9CqHC6/view,,,,
2019-06-30,2019-06-30靈隱道場文書團隊代表會議暨文書精進班,2,,https://drive.google.com/file/d/1sULetm1e2a8t88Pqg4Ggz05HceXCO7s9/view,https://drive.google.com/file/d/1UfeU61XFz8YHUQe9Bn7BHnlSW3hRuHrg/view,,,
2019-07-05,2019-07-05-07-08峨眉書院生活營：新竹峨眉書院,2,,,https://drive.google.com/file/d/13Sg_h9ADHAAMEyzgYyLEvEDa4o88W-zi/view,https://drive.google.com/file/d/1B4dUMAdoYVNijXFr0zDjGN4LYWyS8hKA/view,,
2019-07-13,2019-07-13-07-15靈隱寺日本道場文書培訓,1,,https://drive.google.com/file/d/1tC0cJeIoPZFsYefuGLQfZvtGAEv5L8I1/view,,,,
2019-07-20,2019-07-20泰然親子藝文嘉年華,1,,,https://drive.google.com/file/d/1rlgYKZRzE1swqNrdZst9BFKKeOQQz8rs/view,,,
2019-07-27,2019-07-27-28伙食團成長營,3,,https://drive.google.com/file/d/1GpVtw7FmabaWo-XskSLCtSBtcrf5Z8gt/view,https://drive.google.com/file/d/14kHkQHWtCk4kVOXdkR__OC6q4NuUKU0V/view,https://drive.google.com/file/d/1Jg0-zDQOJYwOKX5ge27rlVR09v9yFb7d/view,,
2019-08-11,2019-08-11峨眉書院綜合班,1,,https://drive.google.com/file/d/1Y49Mh03JMWEFElnkeLlb6poRZlpzXMlw/view,,,,
2019-08-17,2019-08-17-08-18靈隱寺青少年學道營,2,,,https://drive.google.com/file/d/1UJTDZFngjgot0VYPhIvQHqVqMeKy6bx4/view,https://drive.google.com/file/d/1UbMDTSJZO0lGftAhdcdnhJvCtDLBLtsY/view,,
2019-08-22,2019-08-22靈隱文書組秘書小組會議,1,,https://drive.google.com/file/d/1av-6D8mDsmfkyPC_p8YhDa7mjt70eMGt/view,,,,
2019-09-08,2019-09-08峨眉書院綜合班,1,,https://drive.google.com/file/d/1uQ6QNRvGRHRpCYle9LzujzNSqSUdEgvq/view,,,,
2019-09-13,2019-09-13-09-15靈隱寺三天法會,2,,https://drive.google.com/file/d/1NB6W-XqfZb90z-XJlve9sUjKgQ2cOQs7/view,,,,https://drive.google.com/file/d/1MdbKSAjO6qeKLr50geFh_9WopjNwbw1V/view | https://drive.google.com/file/d/1XWXCiAfCQP_cepduqD2iJ4NEARA03BrQ/view
2019-09-14,2019-09-14靈隱寺講師領命：辦事人員簽到表,1,,,,,,https://drive.google.com/file/d/1_f9kygFnJZ1kawngltF6sZDorMfbtF3r/view | https://drive.google.com/file/d/115nNHZq8Ci9EeNE-W7x-B-Xf-KG0hgqd/view | https://drive.google.com/file/d/1Kd1W3qrNpOBv18XlbHg64REWWUEYFCuv/view | https://drive.google.com/file/d/14URxSCDQ2O792FC7Nc0xn0JXUvOr1_uG/view | https://drive.google.com/file/d/18Z941VByIVjxZRLgqEt5mxyo6EXp7kxk/view | https://drive.google.com/file/d/1Ll7F5HyML73UIWXPhUxKyPt7JPTqlqWD/view | https://drive.google.com/file/d/1E7fprM1Rq4W3SEiVV0P9e65CCfdEf91i/view | https://drive.google.com/file/d/1N3-Dqqzpg8uCOWGyBpEpjSgx8Gi5z53E/view
2019-10-20,2019-10-20峨眉書院綜合班：打開心門：周講師,1,,https://drive.google.com/file/d/1NZwqHneGw9Yy6PXerXG5hh0bt7z1j67n/view,,,,
2019-10-26,2019-10-26靈隱寺群音會,1,,,,https://drive.google.com/file/d/1ObK_w929QJ3B1zwXMiYn2GH-9qcn04vd/view | https://drive.google.com/file/d/1bxJOZugnY6deDsxxTM7M06bQDhImdNZz/view,,
2019-10-31,2019-10-31峨眉書院地方聯誼,1,,,https://drive.google.com/file/d/1HDo-TfqmcNVp0LhhsCsYjOIXF0FUTwVL/view,,,
2019-11-02,2019-11-02忠信篤敬德修道行(印刷用201910241400),1,,,,,https://drive.google.com/file/d/1M8bgoWt5DVZBjfDdg7mdwAp55F4KqYuh/view,
2019-11-09,2019-11-09靈隱寺導覽培訓,3,,https://drive.google.com/file/d/1reing7L1TeySC4SlEjKkBMAFIqDGyTUg/view,https://drive.google.com/file/d/1uInjrqa0CpxQfBqrCxDAzPljcwACcEXZ/view,,,https://drive.google.com/file/d/100ka-PrfcTHwWIWQiCWgnW4tflCqGCOy/view
2019-11-17,2019-11-17峨眉書院一天複習班,1,,https://drive.google.com/file/d/13iAJAl439kbQx9Ah5XauR24pj8Rixjjr/view,,,,
2019-11-30,2019-11-30泰然親子藝文嘉年華,1,,,https://drive.google.com/file/d/1wi8_ZFM9fEDc6G34e_fbDh3wauRTzeJ5/view,,,
2019-12-14,2019-12-14靈隱寺導覽志工培訓回顧,1,,,,https://drive.google.com/file/d/1OXVa51HqB107KI4tqkeMjP6RNchHuJhk/view,,
2019-12-15,2019-12-15峨眉青年整合班：前賢慈勉：李永清經理,1,,https://drive.google.com/file/d/1NK88l6O-kyf_QtvHJ1BJRJBFEKm-P8_t/view,,,,
2019-12-29,2019-12-29竹苗明心半天班畢班,1,,,https://drive.google.com/file/d/1A2EgZ2kMdJCana_uEy4QYblasZdtinHj/view,,,
2020-01-14,2020-01-14北區道場拜年：新竹峨眉書院,2,,,https://drive.google.com/file/d/1fADfoimkOBN7WR0oQ6kiiwP9rumoj9SK/view,,https://drive.google.com/file/d/1PyAome_KypKZLdPSGtz177JOepMH4V1B/view,
2020-01-18,2020-01-18靈隱中心文書組年終謝恩,1,,https://drive.google.com/file/d/110jdJuf13tuMlsjaeIuzfjxLt2v3LPOg/view,,,,
2020-01-29,2020-01-29峨眉書院新春團拜,2,,https://drive.google.com/file/d/16tBIDK-599eza9bTlTEj_vAaOflR0kcV/view,https://drive.google.com/file/d/18SA-a7wQ-rDHkuGPrLWdqciO9HnS-uhQ/view,,,
2020-01-30,2020-01-30峨眉書院新春團拜,1,,,,https://drive.google.com/file/d/18ah3CbokKhhond5BITKgc9sQr-eZtfyq/view,,
2020-01-31,2020-01-31(5)聯合結緣：結緣訓(2020-02-07定稿),1,,,,,https://drive.google.com/file/d/1sBdHL0UueSWvcFVogfnQBZAxpz0zK8p0/view,
2020-02-12,20200212開壇訓已排版完成,1,,,,,https://drive.google.com/file/d/1BIMPXqGpvT8wsGWmTSylLlq-PyWfOb-W/view | https://drive.google.com/file/d/1GKnrUpvkloz6QWcpMpPduMTHvTOyX7MY/view,
2020-02-16,2020-02-16峨眉書院策劃會,1,,https://drive.google.com/file/d/1ToeXdPVZe-h2-deHEE0hhVvSLwiT3qqi/view,,,,
2020-03-08,2020-03-08峨眉書院聯絡圈,1,,https://drive.google.com/file/d/1X586lePmcRbGanVyKGq5fPaUVBJcYOYt/view,,,,
2020-03-26,2020-03-26因應新冠狀病毒的幾點建議-楊講師／在動盪時局中的省思-正知正念正心正思-董點傳師,1,,https://drive.google.com/file/d/1xDjTULP-eQ7RmFEhJQV--o_9tREkLPDL/view,,,,
2020-04-26,2020-04-26德化文德與峨眉道場文書組交流會,1,,,,https://drive.google.com/file/d/1LTPjREl3dTezGolgW28JONdGvFO-1Stb/view,,
2020-05-10,2020-05-10峨眉書院精進班,1,,https://drive.google.com/file/d/1Ri3zcKX2_cLUt2DSMV-_8iUNf6iMzL9w/view | https://drive.google.com/file/d/1hPwyvwSNQODv-_TTvuRKnaqZMVHr9BYV/view,,,,
2020-05-23,2020-05-23道的寶貴有什麼可以印證：曾淑玲講師,1,,,,https://drive.google.com/file/d/1rVJAlaiiZnVy2f1gc37AlFRnU5cKrrAL/view,,
2020-06-27,2020-06-27士林持恆佛堂開壇,2,,,https://drive.google.com/file/d/10UXxYh9L7qxx-oxcrUc9YkeKsho7YPSS/view,,https://drive.google.com/file/d/17ly9sUh08uRgit1ncGZ8M8JQtc4VckL-/view | https://drive.google.com/file/d/1vezNg5GHqYYJ8razZhMSH8d6ihkeN8Id/view | https://drive.google.com/file/d/1LEndyXp8MXm3v_QLgMPjsNCfuqUK4yEY/view | https://drive.google.com/file/d/1nKuUpHCtIOtAkAfjYGFo10QQjR8mf5PG/view | https://drive.google.com/file/d/1DlNjQXOKHFxw8FniZWgyU4h8KNZzQY-a/view | https://drive.google.com/file/d/15IFZ9-gUsH3mAwZ3gyUUul0FxaUcg7cM/view | https://drive.google.com/file/d/1myI6FNC3CLniCJd4Pc2zCeydK7uPx_Xu/view | https://drive.google.com/file/d/1bH_pKtorgY-ttQ9AR8_ML3-OLTnKJgfX/view | https://drive.google.com/file/d/1JUeoauRqUveEvS3xlG9hfZhN36EhV2L9/view,
2020-07-04,2020-07-04峨眉學務組：臺中密室逃脫,1,,,https://drive.google.com/file/d/1HQE8NaMkJoO1_funku91K6ZZBkLyMDJh/view,,,
2020-07-19,2020-07-19文書學務聯合會議,1,,https://drive.google.com/file/d/1wIopPNj9ssF9-IBRMelNR1hNNUi9zgO_/view,,,,
2020-07-26,2020-07-26中和圓和佛堂開壇,3,,,https://drive.google.com/file/d/1ZIHi2eAr3qff7kMvVYxPhKjzB3DNhN8V/view,https://drive.google.com/file/d/1cZGeym0rGGLPC0bhYWnFkD2vrhzT1P5n/view,https://drive.google.com/file/d/1qa3DJU1WzQNhh3oyPVABKMUiZ7ZRvQ6R/view,
2020-08-02,2020-08-02中壢義儒一天法會,1,,https://drive.google.com/file/d/1MfSNe90pWaRFn1OIFRwgLI7HOF5Zry9k/view,,,,
2020-08-14,2020-08-14-08-16峨眉書院生活營：新竹峨眉書院,1,,,,https://drive.google.com/file/d/1Mw6btQ3GHFI7MXSR1NpIbaLQk0PVwTvd/view,,
2020-08-15,2020-08-15-16峨眉書院生活營,1,,,https://drive.google.com/file/d/1RiFdgFzGvmdGo-vJy4cgaugVoly6rSi0/view,,,
2020-09-24,2020-09-24慧繼慈航落成廿周年暨合寧仙君成道卅二周年紀念會：百代先賢感恩傳承（全）,2,,,,https://drive.google.com/file/d/1iZ2lILoAp66jDcXFg0LrzmXSZbQbWmF4/view,https://drive.google.com/file/d/16CwHxs5N9MV-5ROp7eTk2wpaX8gJ4i9j/view,
2020-10-10,2020-10-10峨眉書院綜合班：渡人成全手冊,1,,https://drive.google.com/file/d/1tP1fY89Q5pooF2v1Y4ERHxek6p2d13eP/view,,,,
2020-10-14,2020-10-14靈隱寺號召令點傳師班,1,,,,https://drive.google.com/file/d/18rD599f9Nb93hAGQkWIjyTFr_mu1iKat/view | https://drive.google.com/file/d/1g_OEDhb9ep_aTeZNt5N21vxlqT9VXQgt/view,,
2020-10-25,2020-10-25慧心慈行：慧慈菩薩成道二十週年紀念影片,1,,,,https://drive.google.com/file/d/1haE8ISqMpVNTokyWM3ywXTqN-cr1xyPf/view,,
2020-10-31,2020-10-31峨眉書院號召令半天班,2,,,https://drive.google.com/file/d/1leyh6MVmfK_o8mWQS1g3bXNZwoVy5UmJ/view,https://drive.google.com/file/d/1PFaqr79kUPZvb65ClBL4TrAUG82jmhZH/view,,
2020-11-01,2020-11-01靈隱寺成年禮,1,,,https://drive.google.com/file/d/1dfSwsqZOVp_l6UZjNShjWYUZDB9qRDZz/view,,,
2020-11-15,20201115勝誠,1,,,,,https://drive.google.com/file/d/1zjGXNxkTtp2x6L7WAVkkHLFCJnDxT9OD/view,
2020-12-12,2020-12-12~12-13天元佛院朝聖之旅,3,,,https://drive.google.com/file/d/1w33LezECMRXQp0_WnT2gompa_JHUJ1ug/view,https://drive.google.com/file/d/1AWyGtQZ_d5609QH2aly6uYHqDAxg-IvA/view,https://drive.google.com/file/d/1uVxxqf6d3jEfePhYY8HzRMx8FGtKzM7L/view | https://drive.google.com/file/d/1OH403_Unr3rlr6SriR87o_1a8Z7uguqX/view,
2020-12-13,20201213朝聖流程表12,1,,,,,https://drive.google.com/file/d/1YojxjXmUUkhJT9P86e4AZJBCO2FdZiKv/view,
2020-12-20,2020-12-20靈隱寺青年一天法會：文書組工作分配表,1,,,,,,https://drive.google.com/file/d/1vYjWo06v0W-UfrSwk3MHuoKRYhlgQNm_/view | https://drive.google.com/file/d/19sPXA89okOjSRTBMlQgst4NwBgTYlapY/view | https://drive.google.com/file/d/1K-JWr6G9KZQHY8CC6dB1v5wzs47fMRJg/view | https://drive.google.com/file/d/1AR5HkqB6043QGCyroiF-m54YQ3rJ324F/view | https://drive.google.com/file/d/1m35slsaQxzXIQ_Ga7E1TIrKr1Lt3TjFe/view | https://drive.google.com/file/d/13ss0n1VJNd93kfKIhGVHzgpzEIEJx81p/view | https://drive.google.com/file/d/1iqNUfzEohW6seSMXHoqLLA7u6HGvvO6m/view | https://drive.google.com/file/d/1yPhN_HezGjauQ0tq5kGFQX3LbyK0qAWq/view | https://drive.google.com/file/d/1KxQJI12WeCI6nJz8ZRhPRBVww1LaPVfd/view
2020-12-23,2020-12-23參訪白陽聖廟,1,,,https://drive.google.com/file/d/1pWq4OHNBAotRs6hUqZnkOeqtYbTIoTpV/view,,,
2020-12-26,2020-12-26峨眉書院壇主暨清口班,1,,,https://drive.google.com/file/d/1rfrTay6lppqdyABFgBdqZ-bIaHUPLJ0U/view,,,
2021-02-01,2021-02-01北區道場拜年,1,,,https://drive.google.com/file/d/15dQuBqTrXMAtXPy9NyaSv7UAZO04NdUR/view,,,
2021-02-20,2021-02-20-21靈隱道場經理班,2,,https://drive.google.com/file/d/1hYTadOX6VXOnJFU6s2_KLsKSbhXxpv_g/view,,https://drive.google.com/file/d/1Cj1Uy3FZy49nhNhohcqKvnyuUXCtE1C_/view,,
2021-02-21,2021-02-21靈隱寺點傳師班,2,,,,https://drive.google.com/file/d/1yMqKVlLSGDKamGmv43aPfeBDQ1h4hyNh/view,https://drive.google.com/file/d/1wkWv2teckahS7GXUSjB6g8jZ8GiSor-r/view,
2021-03-14,2021-03-14峨眉書院固本培德班,1,,,,https://drive.google.com/file/d/1_g0oGeQKCpYgrgvG2TzTEKwKV1DUh-Ig/view,,
2021-03-25,2021-03-25靈隱道場駐寺經理輪值講習,2,,https://drive.google.com/file/d/17YhXJwaN3_O9fBSACXwtK88SbNyrK-d1/view,,https://drive.google.com/file/d/1jzMizhCDWyjUNEm9EulsjyviVu711vaB/view,,
2021-04-11,2021-04-11峨眉書院固本培德班,2,,https://drive.google.com/file/d/1RFg5iLVaVFBLRLInvTz9UXNRI1LMeyjL/view,,https://drive.google.com/file/d/1z7fHAvrq0vD5-U_L4xgiQ18SmSBLe6zc/view,,
2021-04-24,2021-04-24峨眉書院天廚組培訓,1,,,,https://drive.google.com/file/d/1S_d9D9IAHUobaisrJroeVxgubOSJ8D3p/view,,
2021-05-02,2021-05-02湖口李氏一天法會,1,,https://drive.google.com/file/d/1yWIVb5HuPUKfmVE7eRuPto1coQu-TvMC/view,,,,
2021-06-03,2021-06-03OBS與Meet教學,1,,,,https://drive.google.com/file/d/1vXaFJOcWqV6VVNGZbjBujRGXamRWR2N7/view,,
2021-06-13,2021-06-13峨眉書院固本培德班,1,,,,https://drive.google.com/file/d/1zNL1xTI3xVUIHD-mTJOzW_ooKiCSgXoz/view,,
2021-06-25,2021-06-25釐清Workspace及網域相關事宜,1,,https://drive.google.com/file/d/1atsROlXak2GWPJLvdNvTHGLuWJgESRoM/view,,,,
2021-06-27,2021-06-27~28發一崇德全台學界大專立德班線上專題講座：疫情中，學子如何精進？,1,,,,https://drive.google.com/file/d/1yX2LTPUTW-1t1iol5U1AbIJM1eJFJe3O/view,,
2021-07-11,2021-07-11峨眉書院綜合精進班,2,,https://drive.google.com/file/d/13kWU7qzmbKjr01dTZNk0WEzfBGbnSwIR/view,,https://drive.google.com/file/d/1wWvgFup5U6LeF6RYzVp3Pgghg4tPmgSE/view,,
2021-08-22,2021-08-22靈隱寺道育班師資培訓：學務人才的愿力與使命,1,,,,https://drive.google.com/file/d/1hhDbbT3b10mbvT6h4EUfA6xoPE4yhxSd/view,,
2021-08-29,2021-08-29Cultivation During COVID-19,1,,,,https://drive.google.com/file/d/1FdfxFNR7Yufbm8yoGlLD4ZuXoSgAB5wK/view,,
2021-09-12,2021-09-12靈隱寺中秋拜節,1,,,,https://drive.google.com/file/d/10d63QNENAEIUoEEYqO5XxKQU8Yrl9gfX/view,,
2021-10-21,2021-10-21靈隱寺長青班會議,1,,https://drive.google.com/file/d/1IQBIeufPDsTpW4IkQRSo02yrG9TeGFBL/view,,,,
2021-10-29,2021-10-29靈隱寺文書部影音組集體請命,1,,,,https://drive.google.com/file/d/1CIPAZgTbATBB1f05yu52NgplCVBHM76X/view,,
2021-11-20,2021-11-20靈隱寺文書精進班：圓滿人生系列：生平事略撰寫,1,,,,https://drive.google.com/file/d/1HK4S1bN4U5eJoO0mT3ZDc7Cb74SRcmks/view,,
2021-12-05,2021-12-05湖口李氏一天法會,1,,https://drive.google.com/file/d/19LAVtOksLMGTiiFOUQ5kqLFJ3ssmbphK/view,,,,
2021-12-26,2021-12-26靈隱寺學務部：號召百萬經文祈福迴向活動,1,,,,https://drive.google.com/file/d/18cVq4TfkfdfxlpY7d70vav-OGVr82hPh/view,,
2022-01-16,2022-01-16靈隱寺春節拜早年,1,,,,https://drive.google.com/file/d/1npl10dJFrMS9ZsqBrsk_zEZj2lVxdPPB/view,,
2022-01-17,2022-01-17義德兄弟道場拜年,2,,,https://drive.google.com/file/d/1pTaHnQjnGJcQVpYIVP8EhS0zo4dHbAvN/view,https://drive.google.com/file/d/1JOi4kReFOohp3eGB842SR7bN4cyDWVqG/view,,
2022-02-11,20220211泰然儒院,1,,,https://drive.google.com/file/d/1uUplNUi4g-gahRps7Y5dikSc2l51mrBx/view,,,
2022-04-09,2022-04-09和宣文青組：文獻培訓,1,,https://drive.google.com/file/d/1aXcgluLu8O250dUI43LqQcSNr9OpddUO/view,,,,
2022-05-14,2022-05-14靈隱寺直播研習,1,,,,https://drive.google.com/file/d/1ovYu115Zembu2_z6BlnvYc2695G7aNye/view,,
2022-08-07,2022-08-07峨眉書院文書培訓,1,,,,https://drive.google.com/file/d/1D0syu_NO9kTHb3Eu4axBzsE2PVXZLWoy/view,,
2022-09-07,2022-09-07印尼中心中秋拜節,1,,,,https://drive.google.com/file/d/1l8fADoAiRfvc8240R1jdKVHc_R-MHw9b/view,,
2023-01-07,2023-01-07靈隱寺拜年,2,,,https://drive.google.com/file/d/1W6wD1VTS3f6FCCytDCJvklCZMwt-YoqV/view,https://drive.google.com/file/d/1aWoYfSDFFrz9gSUpoT2y_CUchi4Mf9TW/view,,
2023-01-20,2023-01-20故李老點傳師告別奠禮：長青老樹蔭群黎,1,,,,https://drive.google.com/file/d/1pIlFwSyRIyiUcLIBvEZYN7FovY7cnvAe/view,,
2023-01-26,2023-01-26印尼道場：回顧2022年,1,,,,https://drive.google.com/file/d/17jDPc7iv3ZM62yfCa-7QStugcsDae94m/view,,
2023-01-30,2023-01-30靈隱寺點傳師班：仙佛慈勉,1,,https://drive.google.com/file/d/1QPpOHIBgOEymMyH4feNnpoLen1e2zcz-/view,,,,
2023-01-31,2023-01-31靈隱寺點傳師班,2,,https://drive.google.com/file/d/1_NCWbG2RyFP30I9omQ_uioiPmV5FG0gQ/view,,https://drive.google.com/file/d/1ZI38fJJ8gA7RZVlAKRVrW9k5iHf70fma/view | https://drive.google.com/file/d/1m2bjsbN9ZbeDR7QnEFUdaw7l-D60mSE2/view,,
2023-02-03,2023-02-03峨眉書院策劃會,1,,https://drive.google.com/file/d/1lN-s-sXOoRwY9DxFf3PF1eGdjkqQjrar/view,,,,
2023-02-19,2023-02-19峨眉書院講師講員精進班,2,,https://drive.google.com/file/d/1d8gszitWhBcdZP7Ff7L352Lo9G5wL_sW/view,,https://drive.google.com/file/d/1H4_4pJJnP7ovkBZk2R_vG76Vb-sb5fUd/view,,
2023-03-12,2023-03-12峨眉書院綜合班：固本培德集愿過劫,1,,,,https://drive.google.com/file/d/1V1iqOYIHm-p4bjOBZruohj7TcZA-pZcH/view,,
2023-10-29,2023-10-29文慈菩薩四十週年感恩大會,1,,,,,,https://drive.google.com/file/d/1NxZrb1BJql9q1PyPVP24VL10AlYwzYR4/view | https://drive.google.com/file/d/1kSbLsMf3S3adw2jvwps1arSPOSiewn2N/view
2023-11-26,2023-11-26泰國巴真府修真壇,1,,,,,https://drive.google.com/file/d/1V1CQr5OZ4_j1KdrASI9wT3S8ofK45dJ_/view,
2024-05-05,2024-05-05湖口李氏一天法會,1,,https://drive.google.com/file/d/1i96_avIPZdCENZE1ubuINx6B7XOleYPe/view,,,,
2024-05-22,2024-05-22加拿大多倫多敬淳壇,1,,,,,https://drive.google.com/file/d/1nq8eyNbq0sbbt0RcZQ-oyDKWARL48Gwp/view,
2024-06-02,2024-06-02加拿大溫哥華玄同壇,1,,,,,https://drive.google.com/file/d/1K8xMdLI_JE4tu9lJPhH2iRlbdpitbcp5/view,
2024-06-15,20240615美國舊金山天元道院四十週年慶開沙訓-注釋修,1,,,,,https://drive.google.com/file/d/1RpbmH9FW7G6wMqe-AmS2CzxkXP8HB7Di/view | https://drive.google.com/file/d/1KV0LJWIMFp0myrC3GqSANa6nzWboZJFA/view | https://drive.google.com/file/d/1pKxnWwrEk2ENhZgBhyIoJbKzqsKbLvw3/view | https://drive.google.com/file/d/1qmEeGKjS04FirxfMoFx-4Df8omNdOd5N/view,
2024-06-23,2024年6月23日公義佛堂落成说明会,1,,,,,https://drive.google.com/file/d/1Sv8AnAQkqlQ_RK8nx9LDP3f3yDNHZwPJ/view,
2024-07-14,2024-07-14印尼公義儒院落成,1,,,,,https://drive.google.com/file/d/162wjvaZ12YPlv_BUPjhySa-blbPGuFgP/view | https://drive.google.com/file/d/1BraspSEFOd9rH-_m40WYCMJJNyrYSOGi/view,
2024-07-20,2024-07-20修誠佛堂,1,,,,,https://drive.google.com/file/d/1PDXiPguFhEirJnV0ung-LeBZrgoKnaRc/view,
2024-09-22,2024-09-22靈隱印尼天聖佛院落成訓(含注釋),1,,,,,https://drive.google.com/file/d/1qD8ef4S41ujxL1pIlldsjnXyKkJz1XQL/view,
2025-03-09,2025-03-09峨眉書院綜合班,1,,https://drive.google.com/file/d/1gPXdEECUPHtHltApAChMrCtgYZ-Dc0S0/view,,,,
2025-05-18,2025-05-18越語一天法會,1,,,,,,https://drive.google.com/file/d/1H9gHFtXKElcUrkgYiZyZOUWiD6quntzZRCZcxlZsZYg/view
2026-03-15,2026-03-15靈隱寺僑生青年一天班,1,,,,,,https://drive.google.com/file/d/1kLlAZ_5MLNpKGHmu5nMLzzSJEzQPUsSU/view | https://drive.google.com/file/d/18FupO2wKRqYPIq3kBQZk1rhPAoBvF48zU8enDWAutlk/view
